Frame ID,ArUCo ID,ArUCo 2D,ArUCo 3D (dist yaw pitch roll)
274,0,"[[408.0, 63.0], [467.0, 59.0], [472.0, 119.0], [415.0, 123.0]]","[0.8108200118641878, -1.6977067929951855, 8.621953676337467, -155.32392232184452]"
275,0,"[[412.0, 31.0], [469.0, 27.0], [473.0, 86.0], [415.0, 90.0]]","[0.8323186150983148, -2.6761919784350376, 4.915271889565712, -174.83470513234727]"
288,0,"[[228.0, 27.0], [288.0, 23.0], [294.0, 83.0], [236.0, 87.0]]","[0.8479043123573784, -9.305204960170801, -15.083474718009631, -150.69863558259075]"
289,0,"[[122.0, 12.0], [187.0, 8.0], [195.0, 68.0], [131.0, 74.0]]","[0.8194002498100366, -7.726693171836402, -7.952924901364022, 178.53385148996492]"
309,0,"[[681.0, 56.0], [746.0, 55.0], [746.0, 117.0], [681.0, 117.0]]","[0.7718211465958689, 1.1816046652881638, 6.552832502512917, 174.37611176287513]"
318,1,"[[672.0, 99.0], [698.0, 103.0], [694.0, 129.0], [669.0, 126.0]]","[1.8459772836558914, 6.345366876100711, -3.9999315225298986, -174.62875166245655]"
319,1,"[[702.0, 120.0], [727.0, 122.0], [724.0, 149.0], [698.0, 146.0]]","[1.8703785941716966, 13.482289606117293, 28.620669308227143, -159.61118428737208]"
320,1,"[[705.0, 120.0], [732.0, 123.0], [728.0, 151.0], [702.0, 150.0]]","[1.712899642100952, 1.523128060470269, -9.689426463834424, -166.58797291561203]"
321,1,"[[712.0, 116.0], [739.0, 117.0], [736.0, 147.0], [708.0, 144.0]]","[1.7205815534132576, 13.430303655065861, 32.676354519171134, -161.2615567261098]"
322,1,"[[737.0, 115.0], [765.0, 116.0], [762.0, 145.0], [735.0, 143.0]]","[1.7607306527540958, 12.613764622442087, 33.06980856684682, -156.42828394194592]"
323,1,"[[752.0, 111.0], [781.0, 113.0], [778.0, 142.0], [750.0, 141.0]]","[1.7096420297806407, 2.442332906280794, -1.2510991407614305, -172.1045142897805]"
324,1,"[[725.0, 92.0], [752.0, 93.0], [750.0, 123.0], [721.0, 123.0]]","[1.665027126478129, -1.1823271537144948, -7.479633673128485, -163.1715947520942]"
325,1,"[[688.0, 106.0], [714.0, 107.0], [712.0, 136.0], [684.0, 136.0]]","[1.6875223101780963, -1.61551889580138, -9.5763163075782, -161.43643435448536]"
326,1,"[[658.0, 88.0], [686.0, 90.0], [684.0, 121.0], [656.0, 119.0]]","[1.6037451064382509, 0.34052405359064103, -11.92198657191649, -171.2609959773754]"
327,1,"[[657.0, 92.0], [686.0, 94.0], [683.0, 124.0], [654.0, 123.0]]","[1.6344933641753439, 1.6479466288441817, -3.733022665138854, -164.42931396335658]"
328,1,"[[669.0, 80.0], [699.0, 82.0], [696.0, 114.0], [667.0, 113.0]]","[1.5470545318743572, -0.36811367780844145, -10.15159862300294, -167.29834227816744]"
329,1,"[[663.0, 75.0], [694.0, 77.0], [691.0, 109.0], [661.0, 108.0]]","[1.5478319585132896, 0.9118765071479956, -5.387606409606637, -167.80229618706622]"
330,1,"[[643.0, 73.0], [674.0, 76.0], [672.0, 109.0], [640.0, 107.0]]","[1.4816856119611257, 2.188401066366373, -6.999619114972893, -172.6279940322928]"
331,1,"[[664.0, 73.0], [696.0, 75.0], [693.0, 108.0], [661.0, 108.0]]","[1.4829450326972053, 0.13020196808775578, -4.761715454373135, -162.89784820290328]"
332,1,"[[676.0, 75.0], [709.0, 78.0], [704.0, 113.0], [673.0, 111.0]]","[1.4209065517755717, 0.8838223479736561, -10.694355293595844, -165.58332724460487]"
333,1,"[[674.0, 83.0], [707.0, 85.0], [704.0, 121.0], [671.0, 120.0]]","[1.377233727626358, -0.6716493505770208, -10.493004689516711, -166.30493913548878]"
334,1,"[[663.0, 73.0], [697.0, 75.0], [695.0, 112.0], [660.0, 110.0]]","[1.354705090003547, 1.0351927779479688, -6.840840065745211, -170.91330990795547]"
335,1,"[[648.0, 99.0], [684.0, 100.0], [682.0, 139.0], [647.0, 138.0]]","[1.2693455196897612, -1.5859296390589968, -10.955827284276127, -169.83616996553826]"
336,1,"[[676.0, 98.0], [714.0, 99.0], [712.0, 137.0], [674.0, 137.0]]","[1.2920583134250867, 1.589575668481383, 4.068423480707092, -170.65283652419305]"
337,1,"[[677.0, 98.0], [713.0, 99.0], [711.0, 137.0], [675.0, 137.0]]","[1.2969791896844969, -1.0770392779989393, -6.226386241196772, -167.805169482649]"
338,1,"[[703.0, 120.0], [742.0, 123.0], [739.0, 165.0], [700.0, 163.0]]","[1.163865948696618, 1.07088914392681, -9.462903777806147, -172.52225877363432]"
339,1,"[[713.0, 117.0], [755.0, 120.0], [752.0, 163.0], [710.0, 161.0]]","[1.1359643591050483, 2.487286105072593, -2.7595871559537897, -174.85329799453018]"
340,1,"[[732.0, 109.0], [777.0, 111.0], [773.0, 157.0], [730.0, 155.0]]","[1.089033085657908, 1.5240658559527507, -3.0740189222773724, -173.00351748016948]"
341,1,"[[732.0, 122.0], [777.0, 124.0], [774.0, 171.0], [730.0, 169.0]]","[1.058340340799975, 1.0975079562623784, -5.0825193772247745, -174.42282988591583]"
342,1,"[[759.0, 103.0], [807.0, 104.0], [805.0, 156.0], [757.0, 155.0]]","[0.9743385333211675, -0.7763233131405746, -7.139298876354302, -173.22567960703097]"
343,1,"[[769.0, 123.0], [819.0, 123.0], [819.0, 175.0], [768.0, 176.0]]","[0.957643471974986, -1.2828245862425771, -2.7838832083713303, -175.2830787548362]"
344,1,"[[806.0, 102.0], [862.0, 102.0], [862.0, 160.0], [805.0, 159.0]]","[0.8824473753944139, 0.17950514095292205, -1.1111857327454338, -179.12642177849023]"
345,1,"[[848.0, 125.0], [907.0, 127.0], [907.0, 189.0], [848.0, 188.0]]","[0.8172011657001088, 0.0780803617370556, -6.184017123089662, 179.827826425255]"
365,3,"[[487.0, 122.0], [503.0, 123.0], [502.0, 139.0], [486.0, 139.0]]","[2.8909467090489542, -0.8468867198957979, -9.885047148245706, -157.74219813020494]"
366,3,"[[492.0, 123.0], [509.0, 124.0], [508.0, 140.0], [492.0, 139.0]]","[2.846326428043525, 4.832950527285969, 6.394324987396961, -146.6748029849382]"
369,3,"[[503.0, 158.0], [521.0, 159.0], [521.0, 177.0], [503.0, 179.0]]","[2.431018280254287, -5.365577587057162, -17.52706712372377, -164.63997674521093]"
370,3,"[[486.0, 153.0], [504.0, 152.0], [505.0, 170.0], [487.0, 173.0]]","[2.467782564773742, -9.494394906280048, -14.311838993843212, -158.27201433513562]"
371,3,"[[495.0, 170.0], [513.0, 170.0], [512.0, 189.0], [496.0, 189.0]]","[2.7246492736191104, 0.22435877639505933, 2.5662928862941237, -168.83597939990375]"
373,3,"[[542.0, 145.0], [561.0, 146.0], [559.0, 166.0], [541.0, 165.0]]","[2.5248631800934334, 2.9404242397653224, -1.264735320285917, -167.65594885497737]"
374,3,"[[544.0, 159.0], [564.0, 161.0], [563.0, 180.0], [544.0, 180.0]]","[2.3504122672948355, 1.0840313638474632, -8.105604382950908, -177.66656364842697]"
375,3,"[[547.0, 169.0], [567.0, 168.0], [567.0, 190.0], [548.0, 191.0]]","[2.3581352061190333, -3.749011381482385, -5.806418997697255, -169.4195347468444]"
377,3,"[[527.0, 149.0], [549.0, 151.0], [548.0, 173.0], [528.0, 173.0]]","[2.0579278891023605, -1.6174963214844171, -18.720763756774822, -175.35289405629723]"
378,3,"[[504.0, 133.0], [526.0, 132.0], [527.0, 155.0], [506.0, 156.0]]","[2.18321287549351, -1.1169818635756925, 10.864524784399102, -165.60495464595527]"
379,3,"[[512.0, 165.0], [535.0, 164.0], [536.0, 188.0], [514.0, 190.0]]","[1.9317714643036474, -7.263503932427935, -16.875123924609117, -169.27299527117725]"
380,3,"[[523.0, 177.0], [547.0, 175.0], [548.0, 197.0], [525.0, 200.0]]","[1.9762207415075832, -6.195492337406792, 0.6779288049255795, -150.72084371946352]"
381,3,"[[542.0, 135.0], [567.0, 135.0], [566.0, 159.0], [542.0, 159.0]]","[1.9306219936226257, 0.6952493937064717, 4.210881616204358, -151.5085787452675]"
382,3,"[[560.0, 151.0], [585.0, 151.0], [585.0, 177.0], [561.0, 177.0]]","[1.8310507247392003, 5.235974721275671, 24.908461975169025, -160.6756059766143]"
383,3,"[[562.0, 155.0], [587.0, 154.0], [588.0, 181.0], [563.0, 182.0]]","[1.7683476862525545, -5.114635517411164, -13.08383647683538, -170.98565440406236]"
384,3,"[[554.0, 162.0], [580.0, 161.0], [580.0, 188.0], [554.0, 188.0]]","[1.7952946827385217, 1.6528746326095238, 15.452321357665435, -170.97070440100194]"
385,3,"[[554.0, 140.0], [579.0, 140.0], [579.0, 170.0], [553.0, 171.0]]","[1.5738701607490795, -6.930429029872438, -24.777912419953328, -164.75336882963197]"
386,3,"[[551.0, 148.0], [578.0, 148.0], [577.0, 177.0], [551.0, 177.0]]","[1.7566276886911814, -0.7714521619095788, -3.333794723200287, -169.07467959284978]"
387,3,"[[552.0, 140.0], [580.0, 140.0], [580.0, 169.0], [553.0, 170.0]]","[1.625382204920447, -3.990570550096096, -12.427783648351348, -170.1644139920745]"
388,3,"[[562.0, 135.0], [591.0, 134.0], [592.0, 164.0], [563.0, 166.0]]","[1.577177006165957, -4.879203430260328, -7.856961052716551, -168.14927657040917]"
389,3,"[[573.0, 149.0], [603.0, 147.0], [605.0, 177.0], [575.0, 180.0]]","[1.565173506399111, -4.936832293044206, 0.13907146254571404, -170.89369221834397]"
390,3,"[[604.0, 117.0], [635.0, 117.0], [635.0, 149.0], [604.0, 150.0]]","[1.4993857558678358, -2.490436670878904, -5.56265332522032, -169.90530741054286]"
391,3,"[[628.0, 127.0], [661.0, 125.0], [664.0, 160.0], [630.0, 160.0]]","[1.3845031378060275, 4.838726178632099, 28.35831473927577, -151.11045059971937]"
392,3,"[[665.0, 144.0], [699.0, 142.0], [700.0, 178.0], [666.0, 179.0]]","[1.3704424884027422, 4.173911594300439, 31.665395511103412, -162.78894546980476]"
393,3,"[[675.0, 140.0], [711.0, 137.0], [712.0, 174.0], [676.0, 176.0]]","[1.341267227630907, 1.2893722968114667, 26.433912099122757, -167.9237700826762]"
394,3,"[[688.0, 105.0], [724.0, 104.0], [725.0, 143.0], [689.0, 145.0]]","[1.257364125474956, -4.95475023577829, -9.758087300848354, -171.54704312167308]"
395,3,"[[698.0, 104.0], [736.0, 101.0], [737.0, 141.0], [700.0, 143.0]]","[1.2614043242952293, 5.381198960025548, 35.332143784821795, -159.2313710251739]"
396,3,"[[708.0, 64.0], [748.0, 62.0], [750.0, 105.0], [709.0, 108.0]]","[1.1675727838427594, -5.231038849522196, -5.622868673365482, -171.49703182691786]"
397,3,"[[728.0, 74.0], [771.0, 71.0], [773.0, 117.0], [730.0, 120.0]]","[1.1034881837551174, -5.487315271184921, -5.111136786285925, -172.4132356260876]"
398,3,"[[792.0, 44.0], [840.0, 42.0], [839.0, 94.0], [792.0, 95.0]]","[1.0252364208298101, 15.482575677092075, 44.96025779959501, -147.80121969732514]"
399,3,"[[850.0, 44.0], [902.0, 43.0], [901.0, 98.0], [850.0, 99.0]]","[0.9721490754294052, -2.339940686880962, -4.701383666118287, -175.01748958264506]"
400,3,"[[888.0, 47.0], [942.0, 45.0], [942.0, 101.0], [888.0, 103.0]]","[0.9659004416860137, -2.4173433843605516, -2.361847068364288, -176.27233351504398]"
419,2,"[[273.0, 63.0], [305.0, 62.0], [304.0, 102.0], [274.0, 103.0]]","[1.517841690988646, -8.820714233303885, -29.09444846805298, -160.30713595635333]"
423,2,"[[604.0, 61.0], [634.0, 57.0], [630.0, 98.0], [600.0, 101.0]]","[1.2153680298006944, 12.337629382064215, 50.243039821989214, -170.6048409856517]"
424,2,"[[629.0, 64.0], [660.0, 61.0], [655.0, 102.0], [625.0, 104.0]]","[1.2235601522199984, 14.412334124092702, 50.26246226105078, -168.35877364419017]"
425,2,"[[680.0, 58.0], [711.0, 55.0], [706.0, 98.0], [675.0, 100.0]]","[1.1887593809176955, 18.353433515333567, 54.889709601453575, -163.7725023773159]"
427,2,"[[782.0, 64.0], [815.0, 59.0], [811.0, 104.0], [777.0, 108.0]]","[1.1692439523863827, 18.37728382166582, 61.25398288553679, -162.69251757881233]"
427,5,"[[276.0, 117.0], [293.0, 118.0], [293.0, 134.0], [276.0, 132.0]]","[3.1731535830924398, 1.1252614228425537, -12.69113043511148, -173.48905069602944]"
428,2,"[[789.0, 47.0], [822.0, 40.0], [818.0, 87.0], [785.0, 92.0]]","[1.1438441194481357, 19.883459492648964, 64.49143236396526, -160.47125744306672]"
429,2,"[[787.0, 28.0], [820.0, 21.0], [815.0, 71.0], [783.0, 75.0]]","[1.1010284410549964, 27.17949417908886, 66.11350365764642, -152.35961319415281]"
429,5,"[[305.0, 94.0], [322.0, 95.0], [321.0, 111.0], [305.0, 110.0]]","[2.963423320589627, 0.09497913586026563, -12.346805609060711, -147.95389991172084]"
430,2,"[[798.0, 33.0], [830.0, 26.0], [826.0, 76.0], [793.0, 81.0]]","[1.089964522793742, 27.34772963942692, 67.72111522571694, -152.50723479904278]"
430,5,"[[324.0, 96.0], [341.0, 97.0], [341.0, 113.0], [325.0, 113.0]]","[2.9330216320217852, 0.8849827799175746, -2.6939500287478126, -152.7644897001097]"
432,5,"[[379.0, 91.0], [395.0, 92.0], [395.0, 108.0], [379.0, 108.0]]","[2.9787000046725924, -1.7416489788613514, -12.398302456267654, -166.5752839646392]"
432,4,"[[235.0, 158.0], [244.0, 158.0], [245.0, 167.0], [236.0, 167.0]]","[5.32457619133652, 0.5158231344966064, 2.7616998185242037, -155.8390104230316]"
435,5,"[[423.0, 128.0], [440.0, 127.0], [441.0, 143.0], [424.0, 144.0]]","[2.7760512854755612, -3.5482022868519576, -0.008863594533349846, 170.48102434495453]"
436,5,"[[422.0, 136.0], [439.0, 135.0], [440.0, 152.0], [424.0, 153.0]]","[2.8049531538019927, -1.4526386225449097, 9.310102631259804, -160.7539753277425]"
437,2,"[[889.0, 32.0], [929.0, 16.0], [926.0, 82.0], [888.0, 94.0]]","[0.8579562129840644, 35.17522407252087, 80.1289967442941, -142.91447708310469]"
437,5,"[[434.0, 164.0], [451.0, 165.0], [451.0, 182.0], [435.0, 182.0]]","[2.683139861842797, -2.509701478179093, -20.293207702502617, -176.91378747162526]"
438,5,"[[457.0, 177.0], [474.0, 176.0], [473.0, 193.0], [456.0, 193.0]]","[2.667907868037427, 0.7932989545688591, 14.320824172042009, 168.96061586854313]"
439,5,"[[462.0, 177.0], [478.0, 178.0], [478.0, 195.0], [461.0, 195.0]]","[2.6958539240520043, -1.5557994317056199, -17.270509810003322, -169.2276492859032]"
440,2,"[[898.0, 55.0], [942.0, 39.0], [938.0, 112.0], [894.0, 123.0]]","[0.7732746066671676, 34.681226179455514, 80.05171278936749, -144.9758604531626]"
440,5,"[[441.0, 198.0], [457.0, 199.0], [457.0, 216.0], [440.0, 215.0]]","[2.7435744783065785, 1.1495957844764066, -14.272051683282326, -177.42682599014782]"
441,2,"[[880.0, 45.0], [926.0, 27.0], [921.0, 102.0], [876.0, 114.0]]","[0.752591204199589, 27.974398905864614, 78.83452387465934, -152.4196712389531]"
441,5,"[[416.0, 193.0], [433.0, 193.0], [434.0, 210.0], [416.0, 210.0]]","[2.661826690732741, -1.086731320762324, -6.078081152080032, 173.18582299294255]"
442,5,"[[386.0, 171.0], [404.0, 171.0], [404.0, 189.0], [386.0, 187.0]]","[2.6035006432535353, 3.421417484418643, 1.4751994518547005, -148.29393603985068]"
443,2,"[[849.0, 33.0], [900.0, 11.0], [897.0, 94.0], [845.0, 110.0]]","[0.6693381848169994, 17.650482850541806, 76.86214345967666, -162.42383583173842]"
443,5,"[[351.0, 199.0], [368.0, 197.0], [370.0, 215.0], [352.0, 216.0]]","[2.6609544960008145, -4.660085232218854, 2.5793877078684453, -179.6300202239728]"
444,2,"[[881.0, 35.0], [939.0, 10.0], [940.0, 96.0], [881.0, 114.0]]","[0.6569891712647988, 10.785045242207342, 75.91635437146272, -166.3869148234335]"
445,5,"[[352.0, 213.0], [371.0, 212.0], [372.0, 231.0], [354.0, 231.0]]","[2.492155259865107, -0.685837304849682, 5.932285221897425, -160.7297144684181]"
445,4,"[[230.0, 289.0], [239.0, 289.0], [239.0, 298.0], [230.0, 298.0]]","[5.272623978125742, 0.11168359757093686, 1.4214041092598533, -179.50085861373017]"
446,5,"[[371.0, 217.0], [389.0, 216.0], [391.0, 235.0], [373.0, 236.0]]","[2.4456573052312685, -1.0502464859583414, 15.276256515329177, -165.6227182337636]"
447,5,"[[406.0, 219.0], [426.0, 216.0], [427.0, 235.0], [408.0, 236.0]]","[2.3700093545149366, -6.636576877846043, -5.080491795242482, -148.0677775267075]"
448,5,"[[428.0, 176.0], [447.0, 176.0], [448.0, 195.0], [428.0, 195.0]]","[2.393152476165769, -0.9997233069046041, -4.889438177472249, 174.16998815320915]"
449,5,"[[476.0, 163.0], [495.0, 162.0], [496.0, 182.0], [477.0, 183.0]]","[2.3712817704170592, -5.75906533166736, -13.066499645057368, -168.454023565954]"
450,5,"[[490.0, 161.0], [510.0, 160.0], [511.0, 181.0], [492.0, 182.0]]","[2.3911206867562664, -2.7994447991674245, 5.459894435641353, -168.1284769872826]"
451,5,"[[517.0, 156.0], [538.0, 154.0], [539.0, 175.0], [519.0, 176.0]]","[2.2813474388676336, -2.594271429711917, 8.717421184941742, -158.2193242148839]"
452,5,"[[535.0, 154.0], [555.0, 153.0], [557.0, 174.0], [536.0, 176.0]]","[2.2111572401046655, -6.191206951293667, -9.336229841551386, -171.24192529247074]"
453,5,"[[536.0, 139.0], [558.0, 138.0], [558.0, 159.0], [537.0, 160.0]]","[2.1952022376376377, -2.039211365586237, 4.024275403170142, -151.29382414239603]"
454,5,"[[542.0, 132.0], [563.0, 132.0], [562.0, 156.0], [542.0, 157.0]]","[1.963943284802205, -7.678108425219494, -25.159818891549588, -162.6459515326075]"
455,5,"[[555.0, 128.0], [577.0, 126.0], [578.0, 149.0], [556.0, 151.0]]","[2.0881515534235366, -6.893746908866938, -6.53933205754179, -161.1958493256995]"
455,4,"[[423.0, 226.0], [433.0, 226.0], [434.0, 236.0], [423.0, 236.0]]","[4.395122157579734, -1.228099378362539, -8.779048976103432, 167.7900134804652]"
456,5,"[[564.0, 122.0], [587.0, 120.0], [589.0, 143.0], [566.0, 146.0]]","[2.051390833558472, -6.2752784877823276, 0.7249485258947912, -167.87838583984134]"
456,4,"[[430.0, 225.0], [441.0, 226.0], [441.0, 236.0], [430.0, 236.0]]","[4.19631381960121, 1.4703931308755882, -8.367577767062432, 168.21870815761238]"
456,7,"[[359.0, 273.0], [359.0, 264.0], [368.0, 264.0], [368.0, 273.0]]","[5.158971942331284, -89.8805953037666, 0.9347964556924511, 178.08553110344826]"
457,5,"[[574.0, 127.0], [597.0, 126.0], [598.0, 151.0], [576.0, 152.0]]","[1.9267170381830256, 5.322744132858352, 32.059842362260525, -159.57558893423436]"
458,5,"[[634.0, 125.0], [660.0, 124.0], [660.0, 149.0], [636.0, 151.0]]","[1.9095466420911287, -3.6734657521845615, 0.5927319431072652, -171.17622723854518]"
459,5,"[[657.0, 117.0], [683.0, 115.0], [684.0, 142.0], [658.0, 143.0]]","[1.8474609396241977, 2.625185682867764, 25.304580791454292, -159.45325354010282]"
459,4,"[[507.0, 227.0], [518.0, 227.0], [518.0, 239.0], [507.0, 238.0]]","[4.008815193336409, 5.367543053800297, 20.909910025116464, -163.14745072547143]"
459,7,"[[432.0, 274.0], [432.0, 265.0], [442.0, 265.0], [441.0, 275.0]]","[4.8513353732414375, -86.92675705477447, 5.578369157654185, 175.65980891295533]"
460,5,"[[679.0, 113.0], [706.0, 111.0], [707.0, 138.0], [680.0, 140.0]]","[1.8269464867761307, -2.735573289123706, 7.65538397715247, -173.22730438808432]"
461,5,"[[688.0, 111.0], [717.0, 109.0], [717.0, 137.0], [690.0, 139.0]]","[1.7639685082888816, 1.2641809358019958, 22.832322877392794, -158.1455183928643]"
461,4,"[[532.0, 232.0], [543.0, 232.0], [543.0, 244.0], [532.0, 244.0]]","[3.8868823296813004, -2.467364411806401, -18.222899692542594, -173.3850179568675]"
461,7,"[[457.0, 282.0], [457.0, 272.0], [466.0, 272.0], [467.0, 281.0]]","[4.8421073012789275, -93.13593196480691, -0.453147545630229, -177.1694408086946]"
463,5,"[[699.0, 88.0], [731.0, 86.0], [730.0, 116.0], [700.0, 118.0]]","[1.6293585395252528, -0.05260488177140234, 14.983826815460406, -150.01645331584854]"
463,7,"[[450.0, 269.0], [450.0, 259.0], [460.0, 258.0], [460.0, 269.0]]","[4.356864058024343, -89.9331822774373, -3.1252286788270256, 160.58526540771675]"
464,5,"[[695.0, 79.0], [727.0, 76.0], [727.0, 107.0], [697.0, 109.0]]","[1.6246559339032174, 0.6826518174576207, 20.162898147358174, -152.06096157974562]"
464,4,"[[524.0, 213.0], [536.0, 212.0], [537.0, 224.0], [524.0, 224.0]]","[3.7222368378977526, -1.9714944246859922, 3.5900479790875237, 164.13831190907143]"
464,7,"[[447.0, 265.0], [447.0, 254.0], [457.0, 255.0], [457.0, 265.0]]","[4.369562324853321, -89.95856054715122, -2.018409455230486, -160.1592832586606]"
465,5,"[[698.0, 73.0], [731.0, 69.0], [732.0, 101.0], [700.0, 104.0]]","[1.5607214622397914, -1.5783972475368546, 17.881567011470857, -150.12724897280478]"
465,7,"[[447.0, 272.0], [447.0, 261.0], [456.0, 261.0], [456.0, 272.0]]","[4.207384642276321, -89.88793622215516, 5.013596886868306, 145.4875755272885]"
466,5,"[[685.0, 82.0], [719.0, 79.0], [719.0, 112.0], [687.0, 115.0]]","[1.5200761421674582, -1.8278120246395786, 14.22050373496174, -157.8662103754288]"
466,4,"[[505.0, 231.0], [517.0, 230.0], [518.0, 242.0], [505.0, 243.0]]","[3.678062010058626, -3.545017661474572, 9.721917170288805, 168.19744562190544]"
467,5,"[[745.0, 59.0], [782.0, 55.0], [782.0, 91.0], [746.0, 94.0]]","[1.4367404283131608, 0.01194577767909418, 19.889740880036666, -152.5489687340595]"
467,4,"[[548.0, 218.0], [561.0, 218.0], [561.0, 231.0], [548.0, 231.0]]","[3.5827649570156597, 0.054917518926054995, 1.592618457806594, -178.52847054227246]"
468,5,"[[762.0, 38.0], [800.0, 34.0], [801.0, 72.0], [763.0, 76.0]]","[1.3820887416465388, -3.3964966403852963, 9.167224859715489, -170.25072757215042]"
468,4,"[[556.0, 207.0], [569.0, 207.0], [569.0, 220.0], [555.0, 220.0]]","[3.4522807342463504, 1.5423364044726513, 11.40376988500168, 171.10204821577955]"
468,7,"[[474.0, 264.0], [473.0, 253.0], [483.0, 252.0], [484.0, 263.0]]","[4.194997709590539, -95.22301727721795, 4.445507198885511, 154.05772017464918]"
469,5,"[[778.0, 22.0], [819.0, 18.0], [820.0, 59.0], [779.0, 63.0]]","[1.2909997729666243, -3.2817734832333345, 7.374007168844385, -172.56849293827045]"
469,4,"[[557.0, 212.0], [570.0, 212.0], [569.0, 226.0], [556.0, 227.0]]","[3.1788212081171747, -5.464858667566808, -21.119777931315618, -159.6966167632655]"
469,7,"[[472.0, 271.0], [472.0, 260.0], [482.0, 259.0], [483.0, 271.0]]","[4.017289857420731, -92.47974353661029, 4.502289012624799, 154.63974308376885]"
471,4,"[[504.0, 212.0], [517.0, 211.0], [519.0, 225.0], [504.0, 226.0]]","[3.3026798361169383, -3.919578753536533, 2.1430885487018507, 178.84508129834995]"
471,7,"[[419.0, 275.0], [419.0, 263.0], [429.0, 263.0], [430.0, 275.0]]","[3.8486759058554756, -92.29098593036043, 1.4072922132906873, -148.61087422461517]"
472,4,"[[498.0, 209.0], [512.0, 208.0], [513.0, 222.0], [498.0, 223.0]]","[3.1843129552270217, -2.8422823342718364, 8.747109953399995, 170.34885900935362]"
472,7,"[[413.0, 276.0], [411.0, 264.0], [422.0, 263.0], [423.0, 275.0]]","[3.939847034550826, -96.74691403348179, 3.6282753868244355, -149.78096001820992]"
476,4,"[[527.0, 205.0], [542.0, 205.0], [542.0, 221.0], [527.0, 221.0]]","[2.9335046299431746, -2.413246311454668, -14.603831800134913, -172.2426653457251]"
476,7,"[[435.0, 272.0], [435.0, 259.0], [447.0, 259.0], [447.0, 272.0]]","[3.5616699062991577, -89.84018261090776, 4.77070161375544, 158.60367388464016]"
477,4,"[[535.0, 218.0], [550.0, 217.0], [551.0, 233.0], [535.0, 234.0]]","[2.907717303117475, -1.2042229207645365, 19.8069491599385, -178.466716553742]"
477,7,"[[441.0, 286.0], [442.0, 273.0], [453.0, 273.0], [454.0, 286.0]]","[3.729710009288882, -89.85669965557364, 5.062684838465395, -162.4661751864135]"
479,4,"[[506.0, 220.0], [523.0, 219.0], [523.0, 235.0], [506.0, 236.0]]","[2.7045589745173113, -1.982892643136856, 11.49253473829664, 165.31559550762077]"
479,7,"[[408.0, 291.0], [408.0, 278.0], [421.0, 277.0], [422.0, 291.0]]","[3.408366651458533, -91.95999622171666, -0.5982936828673546, 175.86892777937157]"
480,4,"[[494.0, 215.0], [511.0, 215.0], [512.0, 231.0], [495.0, 232.0]]","[2.713546123351636, -2.3229255746975097, -3.9068703386176806, 171.56507743917552]"
480,7,"[[396.0, 289.0], [396.0, 276.0], [409.0, 275.0], [410.0, 289.0]]","[3.411917902385145, -91.97219717694081, -0.4988901213721507, 176.1755496494792]"
481,4,"[[479.0, 234.0], [495.0, 232.0], [496.0, 249.0], [480.0, 250.0]]","[2.789212085768468, -3.445804840271082, 17.089245027380162, 179.56656288201242]"
481,7,"[[380.0, 310.0], [379.0, 297.0], [393.0, 295.0], [394.0, 309.0]]","[3.4175040283956024, -95.29415383356262, -1.40108715155439, -178.67343404536683]"
482,4,"[[476.0, 238.0], [493.0, 236.0], [494.0, 254.0], [476.0, 255.0]]","[2.569714553572919, -3.3603113942814775, 14.915650815333375, 171.79845764949724]"
483,4,"[[467.0, 193.0], [485.0, 192.0], [485.0, 211.0], [468.0, 212.0]]","[2.4649072992016783, -6.833466704415406, -20.07106262068602, -165.1887486940565]"
484,4,"[[462.0, 202.0], [480.0, 202.0], [480.0, 221.0], [462.0, 221.0]]","[2.4666168244949445, 2.684673340407586, 17.851806845868644, -171.39197469972146]"
484,7,"[[356.0, 279.0], [356.0, 265.0], [371.0, 265.0], [371.0, 280.0]]","[3.108756599072214, -87.969103983442, 19.00448624721278, -179.6416970551347]"
485,10,"[[899.0, 213.0], [912.0, 210.0], [912.0, 251.0], [898.0, 252.0]]","[1.2860960512875794, 150.86847669814236, 80.60766844940267, -28.017850385778438]"
485,4,"[[467.0, 214.0], [485.0, 214.0], [485.0, 233.0], [467.0, 234.0]]","[2.387332666308301, -4.7330104109026525, -20.85308324712163, -167.1500491094203]"
485,7,"[[360.0, 294.0], [359.0, 278.0], [374.0, 278.0], [375.0, 293.0]]","[2.9789311499334628, -93.6586822271619, 0.11044124539912599, -157.3198052144417]"
486,10,"[[901.0, 235.0], [916.0, 232.0], [916.0, 275.0], [901.0, 276.0]]","[1.2200817143464997, 155.97706372748868, 81.89004769699355, -22.715794900987188]"
486,4,"[[449.0, 242.0], [468.0, 241.0], [469.0, 261.0], [450.0, 261.0]]","[2.3651025932401586, -0.016634782600620058, 14.090072039227792, -168.26707765711322]"
486,7,"[[341.0, 324.0], [340.0, 308.0], [356.0, 308.0], [356.0, 323.0]]","[2.9845474740729747, -91.1166231210075, 5.258659639407801, -163.42659055085977]"
487,10,"[[907.0, 211.0], [924.0, 208.0], [923.0, 254.0], [905.0, 256.0]]","[1.1365353060582881, 145.40342494168797, 82.47192301209657, -34.579371026004374]"
487,4,"[[426.0, 206.0], [446.0, 207.0], [445.0, 227.0], [425.0, 227.0]]","[2.2605412076909106, -1.0008992597263089, -15.58683161003538, -163.92240130941198]"
487,7,"[[311.0, 289.0], [312.0, 273.0], [327.0, 273.0], [326.0, 290.0]]","[2.8176323009354687, -86.61209237591059, -0.41414849894078687, 161.79195556733816]"
488,10,"[[907.0, 220.0], [925.0, 217.0], [924.0, 264.0], [906.0, 264.0]]","[1.1338820749537877, 138.50189856840686, 82.47545022773691, -40.56609896672032]"
488,4,"[[421.0, 216.0], [441.0, 215.0], [441.0, 236.0], [421.0, 236.0]]","[2.257819796890713, 0.18221182981453907, 12.39588822935244, -179.69485918587233]"
488,7,"[[307.0, 299.0], [306.0, 284.0], [322.0, 282.0], [323.0, 299.0]]","[2.904332544118755, -93.42752542884244, 0.6544524479392884, 176.90282770384434]"
489,4,"[[456.0, 260.0], [478.0, 261.0], [478.0, 282.0], [457.0, 282.0]]","[2.1026583519246165, 0.2148618456827577, -11.79067104359829, 173.16730331882485]"
489,7,"[[340.0, 350.0], [339.0, 333.0], [355.0, 332.0], [357.0, 349.0]]","[2.707584695695235, -95.4896811720128, -3.53773028846247, -155.77828616168873]"
490,11,"[[928.0, 694.0], [893.0, 683.0], [902.0, 673.0], [939.0, 685.0]]","[1.6283765921032947, -166.2654005314612, -16.224611765117093, 122.67301354677674]"
490,4,"[[529.0, 240.0], [552.0, 238.0], [552.0, 261.0], [530.0, 261.0]]","[2.0574744190561653, -2.3516539358946478, 2.1929833081952657, -160.25752477421904]"
490,7,"[[410.0, 331.0], [409.0, 314.0], [426.0, 313.0], [427.0, 331.0]]","[2.614747613433167, -92.95036669204406, 7.086657472176774, 166.36778699324447]"
491,4,"[[548.0, 228.0], [571.0, 228.0], [570.0, 251.0], [547.0, 251.0]]","[1.993847931975906, 1.9286761087505793, 16.55033450852446, 176.23831892856404]"
491,7,"[[424.0, 320.0], [424.0, 302.0], [441.0, 302.0], [442.0, 320.0]]","[2.5460540414523924, -91.69059518533474, -3.1572571519171926, -163.14476095339336]"
492,4,"[[577.0, 231.0], [601.0, 231.0], [602.0, 254.0], [578.0, 255.0]]","[1.9360511500316147, -1.3158935577205255, -0.045769216692690434, 173.17183157576048]"
492,7,"[[450.0, 325.0], [451.0, 307.0], [468.0, 307.0], [467.0, 326.0]]","[2.4769534893456453, -86.88435635701404, -1.1231676104121255, 156.1304446219347]"
493,4,"[[592.0, 236.0], [616.0, 236.0], [615.0, 261.0], [591.0, 260.0]]","[1.909271841506153, 3.65783402988643, 21.79836290989732, -175.04610785065867]"
493,7,"[[460.0, 332.0], [461.0, 313.0], [478.0, 314.0], [478.0, 332.0]]","[2.482217869308178, -88.47786144628397, 1.3875323002787843, -161.05518233241483]"
494,4,"[[616.0, 235.0], [641.0, 235.0], [640.0, 260.0], [615.0, 260.0]]","[1.8645251511084655, -0.17164589914897552, -0.09518172546311252, -165.71165518469343]"
494,0,"[[54.0, 272.0], [73.0, 273.0], [74.0, 299.0], [56.0, 299.0]]","[1.8969664095549408, -10.155662154195285, -73.57648865284916, -171.70791896777843]"
494,7,"[[481.0, 334.0], [481.0, 315.0], [499.0, 315.0], [499.0, 334.0]]","[2.4202505248148554, -90.02299941704024, 1.6461051099596282, 159.20895445267305]"
495,4,"[[619.0, 228.0], [645.0, 228.0], [643.0, 253.0], [618.0, 252.0]]","[1.852569239513933, 1.6556528501578371, 5.487679431922431, -157.07971425320227]"
495,0,"[[52.0, 264.0], [71.0, 265.0], [72.0, 290.0], [54.0, 290.0]]","[1.9753277534321763, -10.567615515444334, -71.77377839336502, -171.11473721526409]"
495,7,"[[482.0, 327.0], [482.0, 308.0], [500.0, 308.0], [500.0, 327.0]]","[2.4212519493356126, -90.03259913032701, 2.088680176941818, 159.1761422994822]"
496,4,"[[602.0, 214.0], [628.0, 215.0], [627.0, 241.0], [600.0, 241.0]]","[1.7622843239107369, 0.8650277542717726, -0.3852265323587512, -165.11937229509869]"
496,7,"[[458.0, 315.0], [458.0, 295.0], [477.0, 295.0], [477.0, 315.0]]","[2.3020259844530324, -89.98059779055998, 2.7024634987036045, 161.15030149964562]"
497,4,"[[605.0, 209.0], [632.0, 208.0], [631.0, 236.0], [604.0, 236.0]]","[1.6992735505053767, 2.2757764587622016, 24.305168782968373, 179.9070118713096]"
497,7,"[[460.0, 313.0], [461.0, 292.0], [479.0, 293.0], [479.0, 313.0]]","[2.2439871070712316, -88.6096945969984, 2.7096194828742792, -154.7519031338005]"
498,4,"[[597.0, 231.0], [625.0, 231.0], [624.0, 260.0], [596.0, 261.0]]","[1.5811794241917339, -2.4057055270842476, -10.774371764314752, -167.07846314687708]"
498,7,"[[446.0, 343.0], [446.0, 321.0], [466.0, 322.0], [466.0, 343.0]]","[2.1326668938052857, -89.99828178480877, -2.2533898896161944, -157.46314211442208]"
499,4,"[[630.0, 210.0], [659.0, 208.0], [660.0, 237.0], [630.0, 239.0]]","[1.600644782431792, -1.485584588918096, 19.937686817202636, 175.24832407494628]"
499,7,"[[476.0, 323.0], [477.0, 303.0], [497.0, 303.0], [497.0, 324.0]]","[2.2375148724917455, -88.34522659095576, -1.4687795903920113, 172.97157188612047]"
500,4,"[[610.0, 216.0], [641.0, 216.0], [640.0, 246.0], [609.0, 245.0]]","[1.5875771447987828, 2.135580377308155, 11.003394580035362, -179.23118159492063]"
500,7,"[[451.0, 329.0], [451.0, 307.0], [472.0, 308.0], [472.0, 330.0]]","[2.0718798592844476, -89.98474005814624, 9.734956083990355, 160.69330852136005]"
501,4,"[[627.0, 226.0], [659.0, 227.0], [658.0, 258.0], [626.0, 257.0]]","[1.4841141133931717, 2.4700800207642004, 6.869320523113232, 174.10242892937814]"
501,7,"[[462.0, 343.0], [463.0, 321.0], [484.0, 322.0], [485.0, 345.0]]","[1.9949214711456618, -89.83227380027647, -11.643248150796072, -163.54165603575987]"
502,4,"[[651.0, 239.0], [684.0, 239.0], [684.0, 270.0], [650.0, 271.0]]","[1.43206360294936, 0.567619086967589, 14.790620693193864, 168.16959750127822]"
502,7,"[[483.0, 360.0], [483.0, 337.0], [505.0, 338.0], [505.0, 361.0]]","[1.980760894139262, -89.70963182390553, -7.470573145671078, -163.3052631175393]"
503,4,"[[665.0, 236.0], [699.0, 235.0], [698.0, 269.0], [663.0, 269.0]]","[1.3800627295209134, 1.5215947119461763, 23.311181063387647, 172.91649970023516]"
503,7,"[[489.0, 365.0], [489.0, 341.0], [511.0, 340.0], [512.0, 364.0]]","[1.9116507896604853, -91.36487416053393, 3.2643793349526136, -161.67478019100858]"
504,4,"[[650.0, 229.0], [686.0, 228.0], [685.0, 264.0], [648.0, 264.0]]","[1.3001125887811815, 1.5352194856210064, 21.791678040914, 173.30048930019504]"
504,7,"[[466.0, 361.0], [466.0, 336.0], [490.0, 336.0], [489.0, 362.0]]","[1.8004279761142579, -88.91125780862498, 0.5473936279546753, 155.64146882169234]"
505,4,"[[643.0, 202.0], [681.0, 201.0], [681.0, 238.0], [642.0, 239.0]]","[1.2471473583206798, 0.5486873792183284, 15.84731055212468, 173.2938933420067]"
505,7,"[[453.0, 344.0], [453.0, 319.0], [477.0, 318.0], [478.0, 344.0]]","[1.8005005717596854, -91.06085777604781, 0.6427396154989207, 162.8386629039886]"
506,4,"[[627.0, 234.0], [666.0, 232.0], [667.0, 272.0], [627.0, 273.0]]","[1.1899523686904825, -0.23393718009832068, 21.11352819998428, -178.5533706180375]"
506,7,"[[430.0, 385.0], [430.0, 358.0], [456.0, 359.0], [456.0, 386.0]]","[1.6907033604729433, -89.9046872963504, 5.847574738543321, 163.4736053690138]"
507,4,"[[663.0, 216.0], [706.0, 215.0], [705.0, 256.0], [662.0, 257.0]]","[1.123568848961775, 0.8338242057855852, 18.69868895286623, 172.03730971846014]"
507,7,"[[454.0, 371.0], [455.0, 343.0], [481.0, 344.0], [481.0, 371.0]]","[1.6692914341229332, -89.00332653983256, -0.8809553247826473, -164.2662560343398]"
508,4,"[[652.0, 203.0], [697.0, 202.0], [696.0, 245.0], [651.0, 245.0]]","[1.0742759026490016, 1.241103457664732, 15.103908203650407, 171.01828994643216]"
508,7,"[[435.0, 359.0], [436.0, 330.0], [463.0, 330.0], [462.0, 359.0]]","[1.5787799080597729, -88.08381236987175, -4.400568658292859, 158.30151969145297]"
509,4,"[[659.0, 208.0], [705.0, 207.0], [703.0, 253.0], [657.0, 252.0]]","[1.0451867292947699, 2.602698492874936, 20.83433969396567, 178.38014884828553]"
509,7,"[[434.0, 367.0], [434.0, 338.0], [462.0, 338.0], [462.0, 368.0]]","[1.5549872683319084, -89.96874004744028, 2.883285831117066, 161.5001024765364]"
510,4,"[[659.0, 208.0], [708.0, 208.0], [706.0, 256.0], [657.0, 255.0]]","[0.9881795970200721, 2.5252872069826564, 15.9463264148402, 177.37282075046107]"
510,7,"[[419.0, 374.0], [420.0, 344.0], [449.0, 345.0], [448.0, 376.0]]","[1.5036874490895826, -88.06429280749245, 2.726040212128992, 162.59939183485335]"
511,4,"[[626.0, 216.0], [677.0, 217.0], [674.0, 267.0], [623.0, 264.0]]","[0.935680790147858, 3.6210538113569686, 12.707021898448264, 173.45418124258083]"
511,7,"[[372.0, 391.0], [373.0, 359.0], [403.0, 360.0], [402.0, 392.0]]","[1.4424660584816593, -88.30652039880206, -0.8456109136895644, 163.1735221787659]"
512,4,"[[585.0, 229.0], [639.0, 229.0], [639.0, 281.0], [584.0, 282.0]]","[0.8640798844535539, 0.4710081943832725, 10.265892916344109, 171.31073874050745]"
512,7,"[[321.0, 415.0], [321.0, 382.0], [354.0, 383.0], [354.0, 416.0]]","[1.3906990474473135, -89.1535391809865, 6.556884738058492, 174.57206017920277]"
513,4,"[[562.0, 212.0], [618.0, 213.0], [617.0, 267.0], [561.0, 267.0]]","[0.8383230536807418, 1.253750474812033, 6.678189904028063, 174.31315663216503]"
513,7,"[[291.0, 407.0], [291.0, 373.0], [325.0, 373.0], [325.0, 408.0]]","[1.348309607706085, -89.64974542456162, 2.399745035506309, 173.78051344034358]"
514,4,"[[550.0, 200.0], [608.0, 200.0], [606.0, 257.0], [548.0, 256.0]]","[0.8067473751030346, 1.8114953626266161, 11.027321213653813, 174.19755202808273]"
514,7,"[[273.0, 404.0], [273.0, 369.0], [308.0, 369.0], [307.0, 405.0]]","[1.3184807053507313, -89.35112568516354, -0.3857577393214999, 172.16734571606744]"
515,4,"[[519.0, 208.0], [581.0, 209.0], [580.0, 269.0], [518.0, 268.0]]","[0.7514642836327367, 1.2873535525861328, 4.021263413958846, 172.23245861030315]"
515,7,"[[227.0, 424.0], [227.0, 386.0], [264.0, 386.0], [264.0, 424.0]]","[1.2466686103905302, -90.23328259237432, -0.811659986897881, 173.74587342815133]"
516,4,"[[512.0, 193.0], [579.0, 193.0], [578.0, 259.0], [511.0, 258.0]]","[0.6962851349741234, 1.0214901434702408, 5.734694900195491, 174.9810024194783]"
516,7,"[[205.0, 427.0], [205.0, 387.0], [244.0, 387.0], [244.0, 427.0]]","[1.1906816788496166, -90.22848650694323, -0.7026341593504345, 174.27456611801148]"
517,4,"[[507.0, 195.0], [577.0, 194.0], [577.0, 262.0], [507.0, 263.0]]","[0.6658616461848905, -0.06035101992463238, 6.614432391920818, 173.23876107709884]"
517,7,"[[194.0, 441.0], [193.0, 400.0], [232.0, 399.0], [233.0, 440.0]]","[1.1667204479225486, -91.8152976291999, -1.3798068417042957, 171.09945236981238]"
518,4,"[[463.0, 193.0], [536.0, 194.0], [535.0, 266.0], [461.0, 265.0]]","[0.6309513758551168, 1.160318627501112, 3.6632838810779424, 174.39296527996567]"
518,7,"[[128.0, 448.0], [129.0, 406.0], [172.0, 406.0], [170.0, 449.0]]","[1.1492766335793858, -89.21748391459053, -3.254771035062078, 178.77736193680792]"
519,4,"[[352.0, 209.0], [431.0, 208.0], [433.0, 284.0], [351.0, 285.0]]","[0.5786031060158804, -0.9457733179561165, -1.4186970073102896, 166.98765542919332]"
520,4,"[[282.0, 192.0], [370.0, 193.0], [369.0, 270.0], [280.0, 269.0]]","[0.5378880457678034, -0.07004820499520092, -5.336585676886522, 158.9591697061792]"
521,4,"[[152.0, 164.0], [249.0, 167.0], [248.0, 250.0], [150.0, 250.0]]","[0.5176484760546746, -0.7274173139282277, -10.682333560481158, 162.56904100390497]"
522,4,"[[5.0, 180.0], [114.0, 184.0], [109.0, 273.0], [3.0, 272.0]]","[0.5168702396619899, -3.2070436256308836, -31.954864191820697, -148.16693102309782]"
534,6,"[[312.0, 235.0], [321.0, 235.0], [321.0, 243.0], [312.0, 243.0]]","[5.292814358262285, -0.8099756732829185, -6.473172400578413, 160.90820187075818]"
535,6,"[[326.0, 247.0], [335.0, 247.0], [335.0, 255.0], [326.0, 255.0]]","[5.262750113009179, -0.6814199595017398, -6.077205062029335, 160.06733566655768]"
538,6,"[[386.0, 229.0], [394.0, 229.0], [394.0, 238.0], [386.0, 238.0]]","[5.194373725490003, 3.040438314011456, 22.837917861085185, -173.50482505282733]"
539,6,"[[395.0, 230.0], [404.0, 230.0], [404.0, 239.0], [395.0, 238.0]]","[5.459621099351452, 1.8670364444809822, -1.7326445668926456, -163.10093215432872]"
540,6,"[[401.0, 239.0], [409.0, 239.0], [409.0, 248.0], [401.0, 248.0]]","[5.176519339678422, 2.8999893549090445, 23.73591008655142, -173.80012969917576]"
549,6,"[[428.0, 227.0], [437.0, 227.0], [437.0, 236.0], [428.0, 236.0]]","[5.155804755482747, 0.17951803392780932, 2.0040046888079885, -178.49123718234992]"
551,6,"[[438.0, 242.0], [447.0, 242.0], [447.0, 251.0], [438.0, 251.0]]","[5.1445374084521465, 0.16608080229506142, 2.1268136903658332, -178.4022353860703]"
555,6,"[[492.0, 232.0], [502.0, 232.0], [502.0, 243.0], [492.0, 243.0]]","[4.2326583891706315, -2.9294605714261643, -21.60559988441811, -172.52412285029612]"
557,6,"[[501.0, 242.0], [512.0, 243.0], [512.0, 253.0], [501.0, 253.0]]","[4.170066965401457, 1.937107837457913, -5.121723059716948, 166.90514585037562]"
559,6,"[[482.0, 248.0], [492.0, 248.0], [492.0, 260.0], [482.0, 259.0]]","[4.015685797636182, 6.46292324431113, 30.90183829382946, -167.12084699589064]"
562,6,"[[445.0, 232.0], [456.0, 232.0], [456.0, 243.0], [445.0, 243.0]]","[4.2133840295604505, 0.16389328401710027, 2.0366863903553267, -178.35251186848222]"
565,6,"[[462.0, 248.0], [473.0, 248.0], [473.0, 260.0], [462.0, 260.0]]","[3.8648371717597523, 2.565858106869485, 23.59795088728875, -173.70687820005162]"
566,6,"[[464.0, 251.0], [476.0, 251.0], [477.0, 263.0], [465.0, 263.0]]","[3.7042907574785744, -1.695430224535207, -15.3081535251227, 169.62434266590753]"
567,6,"[[461.0, 255.0], [473.0, 254.0], [473.0, 266.0], [461.0, 267.0]]","[3.6959531653675177, -3.187912162559748, 16.571092746770237, 168.39653867547855]"
568,6,"[[455.0, 270.0], [467.0, 270.0], [467.0, 283.0], [455.0, 282.0]]","[3.664573954159596, 3.827403539998688, 17.627394673379747, -167.65477375582097]"
569,6,"[[447.0, 258.0], [459.0, 257.0], [460.0, 270.0], [448.0, 270.0]]","[3.6676179545637058, -0.712313385048586, 17.634654247396256, -167.636724187528]"
571,6,"[[424.0, 250.0], [437.0, 249.0], [438.0, 262.0], [425.0, 263.0]]","[3.5481663851225367, -4.23549675309213, 2.304962928269932, -178.7018120285111]"
572,6,"[[426.0, 267.0], [439.0, 265.0], [440.0, 279.0], [427.0, 279.0]]","[3.5317119425583434, -3.982353399969868, 6.240007017076982, -177.82517838812404]"
574,6,"[[461.0, 252.0], [475.0, 251.0], [475.0, 265.0], [462.0, 265.0]]","[3.4158896324502104, -1.755592637236571, 2.8690090482491697, -168.14361363436015]"
575,6,"[[472.0, 251.0], [486.0, 251.0], [487.0, 264.0], [473.0, 265.0]]","[3.275312944326897, -2.6958285638513195, -5.867839406526878, 168.80131271717698]"
576,6,"[[475.0, 255.0], [489.0, 254.0], [490.0, 268.0], [475.0, 269.0]]","[3.1591327498851767, -3.285432156580862, 8.010674179838999, 168.13961272207396]"
577,6,"[[467.0, 272.0], [481.0, 271.0], [482.0, 285.0], [468.0, 286.0]]","[3.2877209448352795, -3.9575512145577405, 2.630490566852041, -177.9111589745234]"
580,6,"[[413.0, 256.0], [428.0, 255.0], [429.0, 270.0], [415.0, 271.0]]","[3.183367192949189, -4.207564244389673, 3.9862614892891033, -171.05713135719262]"
581,6,"[[400.0, 277.0], [415.0, 276.0], [416.0, 291.0], [401.0, 292.0]]","[3.072044843016018, -3.6795709893234685, 2.3843037480598923, -179.0747855592173]"
583,6,"[[438.0, 267.0], [454.0, 266.0], [455.0, 281.0], [439.0, 283.0]]","[2.8583261577349575, -6.058384149405463, -6.9716318927, -158.89523032344655]"
584,6,"[[439.0, 258.0], [455.0, 257.0], [456.0, 273.0], [440.0, 274.0]]","[2.8817181056892363, -3.4245479012996296, 2.4302011734569255, -178.50088435472216]"
585,6,"[[447.0, 263.0], [464.0, 262.0], [465.0, 278.0], [448.0, 279.0]]","[2.71405821321667, -3.4523889816347624, -0.11094349144592221, 165.213457296282]"
586,6,"[[448.0, 262.0], [465.0, 260.0], [466.0, 276.0], [449.0, 278.0]]","[2.673686188443773, -6.040614963184123, 8.394028196564744, 162.83402732667932]"
587,6,"[[457.0, 240.0], [474.0, 239.0], [475.0, 256.0], [458.0, 257.0]]","[2.717953670935416, -3.22574946875718, 2.1484089467155694, -178.31338308699227]"
588,6,"[[447.0, 263.0], [465.0, 262.0], [466.0, 279.0], [448.0, 280.0]]","[2.5636340437506724, -3.259136030891137, -0.04507992698565683, 165.7454212968381]"
589,6,"[[425.0, 257.0], [443.0, 256.0], [444.0, 274.0], [426.0, 275.0]]","[2.563229283934901, -3.0244347075583704, 2.375607629773679, -178.65731956028077]"
592,6,"[[432.0, 245.0], [452.0, 244.0], [453.0, 263.0], [433.0, 264.0]]","[2.313587120729983, -2.9949940788813296, -0.4703440958660033, 167.63578525690167]"
593,6,"[[442.0, 260.0], [462.0, 259.0], [463.0, 279.0], [444.0, 281.0]]","[2.248106160134057, -6.18583699054757, -18.062924334086507, -173.1724699156691]"
594,6,"[[442.0, 264.0], [462.0, 263.0], [463.0, 284.0], [443.0, 285.0]]","[2.198814224158585, -1.420305650876106, 17.372719798837228, -175.9207646229819]"
595,6,"[[421.0, 284.0], [443.0, 283.0], [444.0, 303.0], [423.0, 305.0]]","[2.1427072464898442, -4.196930990297745, -1.729996851916319, -158.85885131372132]"
596,6,"[[377.0, 284.0], [400.0, 282.0], [401.0, 304.0], [379.0, 306.0]]","[2.043087575280612, -5.87917089757639, -10.575158949309857, -162.48624380021613]"
597,6,"[[367.0, 283.0], [390.0, 281.0], [392.0, 303.0], [369.0, 305.0]]","[2.0180756745399924, -5.2919601872260875, -3.9688965594691648, 168.2457463140092]"
598,6,"[[365.0, 285.0], [388.0, 283.0], [390.0, 306.0], [367.0, 308.0]]","[2.0037026554260335, -4.859686140069686, 2.1552468859924976, -179.39657988559438]"
599,6,"[[370.0, 281.0], [394.0, 279.0], [396.0, 302.0], [372.0, 304.0]]","[1.933403875004085, -5.072311567695787, -3.7106699776781467, 168.60068415545896]"
600,6,"[[371.0, 278.0], [396.0, 276.0], [398.0, 300.0], [373.0, 303.0]]","[1.8402497832035387, -6.642592664644541, -11.179526140206491, -163.22897891337962]"
601,6,"[[373.0, 283.0], [399.0, 280.0], [401.0, 306.0], [375.0, 308.0]]","[1.76915266668974, -5.389284322840419, 2.7426322520555986, 171.9250423262293]"
602,6,"[[360.0, 299.0], [387.0, 297.0], [389.0, 323.0], [362.0, 325.0]]","[1.7216521391677053, -4.490734244404845, -4.469574674159198, 168.9297846441044]"
603,6,"[[367.0, 282.0], [394.0, 280.0], [396.0, 308.0], [369.0, 309.0]]","[1.676265174455559, -2.6132647075614734, 8.85305681101474, -173.51253962169693]"
604,6,"[[362.0, 291.0], [390.0, 289.0], [392.0, 316.0], [364.0, 318.0]]","[1.6600065764185143, -4.355874673977614, -4.08640266434723, 169.52238669282286]"
605,6,"[[352.0, 292.0], [380.0, 290.0], [383.0, 319.0], [354.0, 321.0]]","[1.5910271799575824, -3.668577763581465, 7.733372735038545, -174.9489713818648]"
606,6,"[[362.0, 295.0], [391.0, 291.0], [395.0, 320.0], [365.0, 323.0]]","[1.566018651885461, -7.086765586902182, -3.5932662792887187, 169.47931454279586]"
607,6,"[[360.0, 294.0], [390.0, 291.0], [393.0, 321.0], [362.0, 323.0]]","[1.5209822467487175, -4.98580990480476, -3.562289254607802, 169.64012999146846]"
608,6,"[[394.0, 297.0], [425.0, 295.0], [427.0, 325.0], [397.0, 328.0]]","[1.5026271438070262, -5.321522055372557, -9.843983252754231, -173.52875230904837]"
609,6,"[[415.0, 289.0], [447.0, 288.0], [447.0, 320.0], [416.0, 321.0]]","[1.4340728833150274, -2.6087859787194905, -13.428171425921414, -171.25966830429175]"
610,6,"[[434.0, 287.0], [467.0, 285.0], [468.0, 319.0], [437.0, 320.0]]","[1.3707704748193974, -1.6715774706911077, 17.447656667180294, -174.18637732169333]"
611,6,"[[439.0, 314.0], [473.0, 312.0], [474.0, 347.0], [440.0, 348.0]]","[1.3264744894971103, -2.28987667965677, 11.619266924460833, 176.76306409446786]"
612,6,"[[441.0, 315.0], [476.0, 313.0], [478.0, 348.0], [443.0, 350.0]]","[1.3113585497627072, -3.2200752041247465, 3.393711864405723, -179.5225254096558]"
613,6,"[[437.0, 296.0], [473.0, 293.0], [476.0, 329.0], [440.0, 331.0]]","[1.2730550743408426, -3.7395604994422817, 5.229041433733468, -168.08724731936093]"
614,6,"[[431.0, 291.0], [468.0, 288.0], [471.0, 325.0], [434.0, 328.0]]","[1.2399377043114534, -4.5386154730999815, 2.9343746332294107, -179.05889127869494]"
615,6,"[[428.0, 286.0], [466.0, 283.0], [469.0, 320.0], [431.0, 323.0]]","[1.2106733808216814, -4.588525612558486, -0.43842613902179356, 170.46556978381096]"
616,6,"[[423.0, 288.0], [462.0, 284.0], [465.0, 323.0], [426.0, 326.0]]","[1.1744835078400844, -4.991497878945157, 4.548761656179486, 173.19178876032439]"
617,6,"[[435.0, 285.0], [476.0, 282.0], [479.0, 323.0], [439.0, 326.0]]","[1.1177418951800793, -3.7214458325093607, 9.831946182952999, -173.2031816361723]"
618,6,"[[487.0, 290.0], [530.0, 286.0], [533.0, 329.0], [491.0, 332.0]]","[1.077424456567179, -4.2648443525884385, 8.298525917623968, -173.78441495815576]"
619,6,"[[534.0, 281.0], [579.0, 277.0], [582.0, 321.0], [537.0, 325.0]]","[1.0242796209971794, -4.62893647053386, 10.841622468023257, 170.40397721138882]"
620,6,"[[550.0, 269.0], [596.0, 265.0], [599.0, 312.0], [553.0, 315.0]]","[0.9935092821460513, -3.404547683774042, 17.744560784896215, -178.94034479162278]"
621,6,"[[593.0, 268.0], [643.0, 264.0], [646.0, 312.0], [596.0, 315.0]]","[0.9407508219943305, -3.5624828761033855, 10.47698936709009, 167.04632624822398]"
622,6,"[[633.0, 268.0], [685.0, 264.0], [688.0, 314.0], [636.0, 317.0]]","[0.9176015035920128, -3.3288387604490275, 12.526465178942022, 168.77427890977367]"
623,6,"[[765.0, 249.0], [825.0, 246.0], [826.0, 301.0], [768.0, 303.0]]","[0.870520178379514, -0.8311643649617388, 23.665947129492753, -161.89214809497463]"
655,0,"[[492.0, 289.0], [500.0, 288.0], [500.0, 296.0], [492.0, 297.0]]","[5.416551126207544, -5.88041737531448, 21.450165423063652, 162.44179080774944]"
656,0,"[[495.0, 280.0], [503.0, 279.0], [504.0, 287.0], [495.0, 288.0]]","[5.342065581501002, -6.0768904537025765, 10.583657346484781, 161.73598842397996]"
660,0,"[[530.0, 247.0], [539.0, 247.0], [539.0, 256.0], [530.0, 256.0]]","[5.1501995842857475, 0.03121732953457657, 1.4348606136536786, -178.32836403997703]"
661,0,"[[537.0, 251.0], [546.0, 251.0], [546.0, 260.0], [537.0, 260.0]]","[5.149886484684757, 0.020867162927885496, 1.3881577332543054, -178.39850701563597]"
665,0,"[[509.0, 260.0], [519.0, 259.0], [519.0, 269.0], [510.0, 270.0]]","[4.573309458070017, -7.522160507314085, -15.242716938274125, -165.50604161218246]"
668,0,"[[544.0, 263.0], [554.0, 263.0], [555.0, 272.0], [545.0, 273.0]]","[4.5743633452101875, -3.2796948669875685, -3.874950947505049, 165.08235931540972]"
669,0,"[[550.0, 266.0], [559.0, 265.0], [560.0, 275.0], [551.0, 276.0]]","[4.615302990504431, -7.989801024062181, -19.508204519053123, -174.5739753550687]"
671,0,"[[540.0, 283.0], [551.0, 282.0], [551.0, 292.0], [541.0, 293.0]]","[4.360081827352788, -5.614264550420144, -1.2015444653457794, -157.02566713160462]"
674,0,"[[508.0, 278.0], [519.0, 277.0], [519.0, 287.0], [509.0, 288.0]]","[4.345277309778119, -5.765219146146803, -3.2484594041933152, -156.16859780239363]"
675,0,"[[514.0, 288.0], [525.0, 288.0], [525.0, 298.0], [515.0, 299.0]]","[4.378557962158406, -3.08696055167178, -1.7746122437312852, -173.77748401509677]"
676,0,"[[527.0, 271.0], [538.0, 271.0], [539.0, 281.0], [527.0, 282.0]]","[4.019912108107136, -2.274670508626238, 3.6515530577517996, 160.32399571119726]"
677,11,"[[413.0, 495.0], [424.0, 490.0], [439.0, 492.0], [428.0, 497.0]]","[2.5061920931770625, -31.393288960143753, 43.86273730717698, -125.39476470605321]"
677,0,"[[530.0, 262.0], [541.0, 262.0], [541.0, 273.0], [530.0, 273.0]]","[4.206558327009081, 0.006262229153850978, 1.2459305346959664, -178.32384771645778]"
678,0,"[[539.0, 262.0], [550.0, 261.0], [551.0, 272.0], [539.0, 273.0]]","[3.994653369415281, -4.083392438765008, 11.98623192170772, 166.11584732499549]"
679,0,"[[538.0, 277.0], [549.0, 276.0], [550.0, 287.0], [538.0, 288.0]]","[3.987139168539855, -4.255840357652005, 12.077351305498313, 165.25188642989502]"
680,0,"[[537.0, 273.0], [548.0, 272.0], [549.0, 284.0], [538.0, 285.0]]","[3.844200674062211, -6.615215010328235, -18.101466403132456, -175.1664259592853]"
681,0,"[[517.0, 271.0], [529.0, 270.0], [530.0, 282.0], [518.0, 283.0]]","[3.837082274331986, -4.764803086594418, 1.2461990399195937, -178.21131654496023]"
682,0,"[[506.0, 263.0], [518.0, 262.0], [519.0, 274.0], [507.0, 275.0]]","[3.8388296172802527, -4.737639697671262, 1.4902915072612515, -178.0507704198359]"
683,11,"[[388.0, 536.0], [399.0, 529.0], [416.0, 530.0], [405.0, 537.0]]","[2.310481553731742, -39.28379738357578, 41.44747667768814, -129.2888698719383]"
683,0,"[[503.0, 267.0], [515.0, 266.0], [516.0, 278.0], [504.0, 279.0]]","[3.8370420104131986, -4.741382433628272, 1.4514925902646274, -177.93857705023615]"
684,0,"[[495.0, 278.0], [506.0, 276.0], [508.0, 288.0], [496.0, 289.0]]","[3.9687490712237077, -7.133913723935706, 8.342871025908634, -179.689170761672]"
685,0,"[[523.0, 281.0], [535.0, 280.0], [536.0, 292.0], [524.0, 294.0]]","[3.6483914719253083, -8.005639752424512, -12.844268990937266, -168.43748700324494]"
686,0,"[[513.0, 265.0], [525.0, 264.0], [526.0, 277.0], [514.0, 278.0]]","[3.5495286545315587, -6.416802281079747, -18.361160917147608, -174.47845079661266]"
687,11,"[[368.0, 557.0], [381.0, 549.0], [401.0, 551.0], [389.0, 559.0]]","[1.9739089197135147, -17.21632225175922, -62.04094185598052, 104.47026987315081]"
687,0,"[[501.0, 259.0], [513.0, 258.0], [514.0, 271.0], [502.0, 272.0]]","[3.5513852078294446, -6.6210453022264035, -18.931989791852374, -173.90082965152254]"
688,11,"[[348.0, 561.0], [361.0, 553.0], [382.0, 555.0], [368.0, 564.0]]","[1.9424814564628239, -18.14414100054541, -60.982390944260324, 105.97638393892548]"
688,0,"[[484.0, 255.0], [498.0, 254.0], [499.0, 267.0], [486.0, 268.0]]","[3.382575548444368, -3.359939426188288, 10.01285664744578, -157.04223209626264]"
689,11,"[[335.0, 593.0], [349.0, 583.0], [371.0, 585.0], [357.0, 595.0]]","[1.8419215137499902, -41.615977371075935, 36.08342259728693, -133.5080888603832]"
689,0,"[[467.0, 265.0], [480.0, 263.0], [482.0, 277.0], [468.0, 279.0]]","[3.2497980452136406, -7.0284110418125065, 17.687851433626793, 176.29965049862764]"
690,11,"[[330.0, 597.0], [346.0, 586.0], [367.0, 587.0], [352.0, 599.0]]","[1.7974998430608664, -23.510045576532278, -58.7539211946938, 106.19352727025448]"
690,0,"[[458.0, 260.0], [472.0, 258.0], [473.0, 272.0], [460.0, 274.0]]","[3.2516178887260803, -9.95030329413353, -14.900910106390047, -165.7516830543654]"
691,0,"[[446.0, 253.0], [460.0, 251.0], [462.0, 265.0], [448.0, 267.0]]","[3.268783218827652, -7.981765033230278, 2.4637377450155036, -178.59580563994825]"
692,11,"[[312.0, 605.0], [327.0, 593.0], [350.0, 594.0], [335.0, 606.0]]","[1.7497074371226695, -43.24135047308028, 32.214774557028186, -131.54075472177266]"
692,0,"[[440.0, 255.0], [453.0, 253.0], [455.0, 267.0], [442.0, 269.0]]","[3.2757331123567073, -6.6239306485067635, 21.34213980974399, -176.125307528938]"
693,11,"[[306.0, 624.0], [323.0, 612.0], [347.0, 614.0], [331.0, 626.0]]","[1.6486943506439693, -19.03301395889804, -62.925993099446465, 103.72257647962694]"
693,0,"[[443.0, 264.0], [456.0, 262.0], [459.0, 277.0], [444.0, 279.0]]","[3.0551780308936056, -6.37495276926232, 20.856799265170405, -176.99386925853315]"
694,11,"[[322.0, 605.0], [339.0, 593.0], [364.0, 595.0], [346.0, 608.0]]","[1.5989999293867339, -21.113947315625044, -59.72639280197277, 105.79337902845643]"
694,0,"[[467.0, 238.0], [481.0, 236.0], [483.0, 250.0], [468.0, 252.0]]","[3.1461714789093977, -7.143081470291423, 7.427192105949233, 168.68352017637358]"
695,11,"[[304.0, 599.0], [322.0, 586.0], [346.0, 589.0], [329.0, 602.0]]","[1.6057171212939627, -24.22737288272343, -60.10206635622079, 110.08044889323524]"
696,11,"[[305.0, 616.0], [324.0, 602.0], [349.0, 605.0], [331.0, 619.0]]","[1.5379604092071977, -23.573921050047456, -59.758951485038935, 108.52020006253078]"
696,0,"[[465.0, 228.0], [480.0, 226.0], [482.0, 241.0], [467.0, 243.0]]","[3.0637762473062846, -7.457985845937274, 2.13140109956292, -178.49744163373123]"
697,11,"[[307.0, 621.0], [327.0, 607.0], [353.0, 611.0], [333.0, 626.0]]","[1.4831186306136575, -22.115676814143963, -57.995015505543606, 108.803721940072]"
697,0,"[[473.0, 227.0], [489.0, 225.0], [490.0, 241.0], [475.0, 242.0]]","[2.9712911113656957, -5.033482660194478, 3.9740465729526884, -165.46437740470444]"
698,11,"[[296.0, 649.0], [316.0, 634.0], [344.0, 638.0], [325.0, 653.0]]","[1.4284000899272429, -19.732749592176862, -62.63625532479908, 106.52736757623927]"
698,0,"[[470.0, 238.0], [486.0, 237.0], [487.0, 252.0], [471.0, 254.0]]","[2.8672002614404923, -5.975939764639537, -4.176027411734963, -156.96865321455496]"
699,11,"[[299.0, 666.0], [320.0, 650.0], [348.0, 655.0], [329.0, 671.0]]","[1.4071940440864594, -19.980014656553028, -62.10904133509649, 107.64896771478125]"
699,0,"[[481.0, 247.0], [497.0, 245.0], [499.0, 261.0], [483.0, 262.0]]","[2.856042751777372, -4.411230682012789, 9.841201271489775, -158.22530619363158]"
700,11,"[[296.0, 665.0], [319.0, 649.0], [347.0, 655.0], [323.0, 672.0]]","[1.3695069782938176, -18.783550429632534, -56.13598162958406, 106.06612676562742]"
700,0,"[[488.0, 237.0], [504.0, 235.0], [506.0, 251.0], [490.0, 252.0]]","[2.8593971427657965, -4.259305154268275, 10.40227499584075, -157.42633415693115]"
701,11,"[[266.0, 701.0], [290.0, 683.0], [320.0, 689.0], [297.0, 708.0]]","[1.3183303019452506, -19.03722183180212, -61.02190328099796, 106.97551431405414]"
701,0,"[[475.0, 249.0], [491.0, 248.0], [493.0, 264.0], [476.0, 265.0]]","[2.7768631420458068, -4.042317163313361, -4.782821835710571, 169.81480311255228]"
702,0,"[[481.0, 248.0], [498.0, 245.0], [500.0, 262.0], [484.0, 264.0]]","[2.7648790716627163, -8.017547428195783, 5.732488539049983, -167.8661060552658]"
703,0,"[[478.0, 264.0], [495.0, 263.0], [497.0, 280.0], [480.0, 281.0]]","[2.630987374664557, -4.485570108347975, -12.016838258322036, 171.45060051135397]"
704,0,"[[502.0, 258.0], [520.0, 256.0], [521.0, 273.0], [504.0, 274.0]]","[2.631562616546605, -4.52929348946658, 4.9907746327709015, -155.12324583463536]"
705,0,"[[507.0, 250.0], [525.0, 248.0], [527.0, 266.0], [509.0, 268.0]]","[2.5554619601784756, -6.30129495116332, 1.6300569846478548, -178.29501981813843]"
706,0,"[[510.0, 247.0], [528.0, 245.0], [529.0, 264.0], [511.0, 265.0]]","[2.489098571091241, -3.0237220363830732, 18.344738269513876, 179.7500468324491]"
707,0,"[[511.0, 249.0], [529.0, 248.0], [530.0, 266.0], [512.0, 268.0]]","[2.4882023445725676, -5.861288205019872, -10.030309876464251, -168.30731531667658]"
708,0,"[[514.0, 252.0], [533.0, 251.0], [534.0, 269.0], [515.0, 270.0]]","[2.435292795219342, -2.8173498311526664, 3.239669047011999, 166.64701270977585]"
709,0,"[[514.0, 263.0], [533.0, 262.0], [534.0, 280.0], [515.0, 282.0]]","[2.41972857611896, -4.734415628575195, -0.9644910971255171, -161.03757117418286]"
710,4,"[[793.0, 154.0], [803.0, 150.0], [802.0, 185.0], [792.0, 188.0]]","[1.4537591373291043, 127.19993405540853, 83.17618916606094, -52.854586524458426]"
710,0,"[[488.0, 240.0], [507.0, 239.0], [508.0, 259.0], [489.0, 260.0]]","[2.3189649524089044, -4.773384875073289, -14.861000634549505, -173.32439109125124]"
711,0,"[[476.0, 252.0], [495.0, 250.0], [497.0, 269.0], [477.0, 271.0]]","[2.347511447418888, -5.28387804561596, 7.233236872691096, 170.23449087567735]"
712,4,"[[773.0, 157.0], [785.0, 152.0], [785.0, 189.0], [774.0, 192.0]]","[1.3797378301676684, 106.02732777999263, 85.10287843527922, -71.80406129182104]"
712,0,"[[458.0, 249.0], [478.0, 248.0], [479.0, 268.0], [459.0, 270.0]]","[2.240860322561811, -5.691626304746687, -12.795260774352798, -167.4260893232368]"
713,4,"[[775.0, 144.0], [787.0, 140.0], [788.0, 179.0], [776.0, 182.0]]","[1.2989783913081028, 105.59037602325606, 83.21619197502079, -70.92913319672695]"
713,0,"[[451.0, 248.0], [472.0, 246.0], [473.0, 267.0], [453.0, 269.0]]","[2.1852855983654402, -6.990130450364464, -12.392978015280343, -166.67775405814092]"
714,0,"[[451.0, 240.0], [473.0, 238.0], [474.0, 258.0], [453.0, 261.0]]","[2.121173292729508, -7.465599114128023, -6.2417033973272105, -153.3951774338019]"
715,0,"[[465.0, 220.0], [487.0, 218.0], [488.0, 240.0], [466.0, 241.0]]","[2.0958622197439767, -3.1752084605250204, 6.814557662069644, 172.86153123467193]"
716,0,"[[491.0, 212.0], [514.0, 210.0], [515.0, 234.0], [492.0, 235.0]]","[1.975097616275915, -1.8165366942355612, 14.915199507456173, -177.79158599815707]"
717,4,"[[915.0, 84.0], [935.0, 75.0], [935.0, 126.0], [913.0, 132.0]]","[1.0945278705414314, 122.46613080741045, 82.12666383433735, -55.30287879322032]"
717,0,"[[499.0, 209.0], [523.0, 207.0], [524.0, 231.0], [500.0, 232.0]]","[1.9301315016142717, -2.679531120085942, 7.831884858018585, 174.09469324830027]"
718,0,"[[501.0, 231.0], [525.0, 230.0], [526.0, 254.0], [502.0, 255.0]]","[1.9298544495663135, -2.319167031728155, 1.6539391949763085, -178.29507848288014]"
719,0,"[[495.0, 224.0], [521.0, 223.0], [522.0, 248.0], [496.0, 250.0]]","[1.777929339664014, -3.594675543280788, -0.9424003998357786, -160.08308274101935]"
720,0,"[[495.0, 224.0], [521.0, 223.0], [522.0, 248.0], [496.0, 250.0]]","[1.777929339664014, -3.594675543280788, -0.9424003998357786, -160.08308274101935]"
721,0,"[[493.0, 224.0], [520.0, 222.0], [521.0, 248.0], [495.0, 250.0]]","[1.7409967595567715, -4.497278793368811, -0.2695957530375086, -159.62297345315423]"
722,0,"[[492.0, 240.0], [519.0, 238.0], [521.0, 265.0], [494.0, 267.0]]","[1.7098413041385205, -4.173972456981573, 1.6935310838810098, -178.245895638078]"
723,0,"[[526.0, 232.0], [553.0, 230.0], [555.0, 258.0], [527.0, 260.0]]","[1.6562508844412087, -2.567259064390193, 16.043942618766053, -178.3737698191674]"
724,0,"[[532.0, 232.0], [561.0, 230.0], [563.0, 259.0], [534.0, 261.0]]","[1.5968928232314166, -3.9136446176799247, 1.5553620107118438, -178.6048625397036]"
725,0,"[[540.0, 230.0], [570.0, 228.0], [572.0, 257.0], [542.0, 259.0]]","[1.550031929944483, -3.482052872570409, 4.3083516163925735, 171.39137406747668]"
726,0,"[[555.0, 230.0], [586.0, 228.0], [587.0, 259.0], [556.0, 261.0]]","[1.4931205251049988, -2.004821814621773, 15.909746877013683, 178.54924604206693]"
727,0,"[[544.0, 232.0], [577.0, 229.0], [579.0, 261.0], [546.0, 263.0]]","[1.4100427431623692, -3.678280848685713, 7.867287562785491, 168.78458436730625]"
728,0,"[[508.0, 241.0], [541.0, 240.0], [543.0, 272.0], [509.0, 274.0]]","[1.3808869247103115, -2.3439175821350844, 2.7813268595023763, 170.97755795916183]"
729,0,"[[482.0, 233.0], [517.0, 231.0], [519.0, 265.0], [484.0, 267.0]]","[1.3213142362154455, -3.14954380863331, 2.166622343539891, 171.9635122770512]"
730,0,"[[454.0, 247.0], [490.0, 244.0], [492.0, 279.0], [456.0, 282.0]]","[1.2736416314452734, -4.194925307953197, 6.857290892913236, 170.0627016095781]"
731,0,"[[450.0, 254.0], [486.0, 251.0], [489.0, 287.0], [453.0, 290.0]]","[1.2781648742997014, -4.648302912185647, 2.246039235960815, -178.34074030585631]"
732,0,"[[454.0, 254.0], [492.0, 252.0], [495.0, 289.0], [457.0, 292.0]]","[1.2091731492183309, -4.099049916479414, -3.6296407652884506, 174.78639926130995]"
733,0,"[[432.0, 253.0], [471.0, 251.0], [474.0, 289.0], [435.0, 292.0]]","[1.1798752520896914, -4.075144142117731, -4.487212000150323, 175.3071735758653]"
734,0,"[[445.0, 242.0], [485.0, 239.0], [488.0, 278.0], [448.0, 281.0]]","[1.153114607530214, -4.301856857308246, 0.8089265689787818, 172.49606007784564]"
735,0,"[[453.0, 240.0], [494.0, 238.0], [497.0, 280.0], [455.0, 282.0]]","[1.0987505530225368, -3.5214804356747407, -7.436619217233059, -179.0365915531815]"
736,0,"[[453.0, 240.0], [494.0, 238.0], [497.0, 280.0], [455.0, 282.0]]","[1.0987505530225368, -3.5214804356747407, -7.436619217233059, -179.0365915531815]"
737,0,"[[426.0, 246.0], [471.0, 243.0], [473.0, 286.0], [429.0, 289.0]]","[1.035627465206201, -4.197596459395457, -2.804021296814758, -159.09080018187552]"
738,0,"[[391.0, 216.0], [436.0, 214.0], [440.0, 258.0], [394.0, 261.0]]","[1.0178520245506426, -4.003128128409621, -6.513147338718333, 173.9217140773128]"
739,0,"[[360.0, 230.0], [407.0, 228.0], [408.0, 274.0], [361.0, 276.0]]","[0.9850293785163996, -2.1519574252039226, 2.9186800640725146, 172.8443382712172]"
740,0,"[[299.0, 228.0], [350.0, 224.0], [355.0, 272.0], [304.0, 277.0]]","[0.9255852277489555, -5.932997774749727, -7.142726084199618, 170.743935171749]"
741,0,"[[287.0, 203.0], [340.0, 199.0], [345.0, 251.0], [292.0, 255.0]]","[0.8967390340230312, -5.400394797689854, -6.751853991735765, 179.8167495879018]"
742,0,"[[275.0, 194.0], [330.0, 191.0], [335.0, 244.0], [280.0, 248.0]]","[0.8691647085854299, -5.254182366295879, -10.24309197784571, 177.915138136579]"
743,0,"[[270.0, 194.0], [328.0, 191.0], [331.0, 247.0], [274.0, 251.0]]","[0.825799754551657, -6.12203972426913, -16.551283718699846, -160.3151103783934]"
744,0,"[[265.0, 220.0], [323.0, 216.0], [330.0, 273.0], [272.0, 278.0]]","[0.8112828089028804, -6.9550298984726115, -18.805459182547597, -179.59316081187902]"
745,0,"[[228.0, 206.0], [291.0, 203.0], [295.0, 262.0], [233.0, 265.0]]","[0.7788633245694292, -4.351362315678059, -11.528326542669614, -156.70714557436446]"
746,0,"[[192.0, 195.0], [256.0, 193.0], [262.0, 255.0], [196.0, 258.0]]","[0.7604205569693615, -4.471274915976507, -14.862842918850987, 178.12441908156399]"
747,0,"[[167.0, 190.0], [234.0, 188.0], [239.0, 253.0], [171.0, 255.0]]","[0.7427693243071977, -3.64423733760594, -11.539236524696694, -178.30252803252077]"
748,0,"[[140.0, 188.0], [212.0, 187.0], [217.0, 255.0], [146.0, 257.0]]","[0.7097534536355832, -2.7489355327823275, -9.917249125170926, -165.33080969058346]"
749,0,"[[139.0, 182.0], [212.0, 180.0], [218.0, 247.0], [146.0, 250.0]]","[0.7043194502414956, -4.196510968383416, -13.385218460556322, -157.0339117588302]"
750,0,"[[61.0, 158.0], [143.0, 157.0], [147.0, 231.0], [67.0, 233.0]]","[0.6650544237940845, -5.859244929396145, -25.01896076417345, -156.81300120748588]"
758,7,"[[711.0, 269.0], [708.0, 217.0], [762.0, 211.0], [764.0, 263.0]]","[0.9084649290418934, -97.77829625043243, 16.4145593702589, 173.84237357580434]"
759,7,"[[692.0, 266.0], [689.0, 215.0], [742.0, 209.0], [745.0, 261.0]]","[0.9182751036098903, -92.25768874283267, -3.198822531234795, 156.10032337227278]"
760,7,"[[619.0, 243.0], [619.0, 193.0], [672.0, 188.0], [672.0, 240.0]]","[0.8891040133878876, -87.92771688495506, -8.975149710068186, 157.99768889423078]"
761,7,"[[572.0, 270.0], [570.0, 220.0], [621.0, 215.0], [622.0, 266.0]]","[0.9418857267518028, -94.0514705807422, 7.34380041159724, 172.39646947186228]"
762,7,"[[512.0, 271.0], [509.0, 222.0], [558.0, 217.0], [562.0, 267.0]]","[0.9283503542598328, -93.64532194124003, -2.11221272891703, 168.04340392968584]"
763,7,"[[396.0, 253.0], [392.0, 203.0], [442.0, 199.0], [445.0, 249.0]]","[0.9266545019412725, -93.36765392136066, 15.055216625873392, -169.28234433265982]"
764,7,"[[349.0, 267.0], [346.0, 216.0], [396.0, 213.0], [399.0, 263.0]]","[0.918464378543957, -92.13408321634283, 13.781738662451284, -163.7675030593381]"
765,7,"[[320.0, 276.0], [315.0, 225.0], [367.0, 221.0], [371.0, 271.0]]","[0.9092210333924075, -92.90426588139513, 17.469832245134523, -168.25667560233538]"
766,7,"[[319.0, 279.0], [313.0, 227.0], [365.0, 223.0], [369.0, 274.0]]","[0.9051598668746041, -94.19005790279074, 10.096708894998356, -162.55410771356037]"
767,7,"[[333.0, 280.0], [328.0, 227.0], [380.0, 223.0], [385.0, 275.0]]","[0.8869490585647573, -94.5992592701644, 8.012783750145514, -164.26516122669392]"
768,7,"[[361.0, 281.0], [356.0, 228.0], [410.0, 224.0], [415.0, 277.0]]","[0.8612611821059204, -95.56015024516651, -3.894127772572099, -173.25510121807315]"
769,7,"[[398.0, 279.0], [392.0, 225.0], [446.0, 220.0], [451.0, 274.0]]","[0.8573420164518769, -95.53046446419901, 8.421298675487659, 175.12510820666876]"
770,7,"[[452.0, 284.0], [448.0, 228.0], [503.0, 224.0], [507.0, 280.0]]","[0.8267685137156475, -94.18261090398228, 6.290743171083444, -172.05377103584692]"
771,7,"[[472.0, 262.0], [469.0, 204.0], [526.0, 200.0], [529.0, 258.0]]","[0.8090550359619155, -93.62549928250056, 6.6444179960171095, 174.33579394723026]"
772,7,"[[501.0, 274.0], [498.0, 213.0], [556.0, 209.0], [559.0, 270.0]]","[0.762367010346347, -93.45131804374323, 9.159443167737354, -167.32493563651192]"
773,7,"[[509.0, 279.0], [506.0, 216.0], [566.0, 213.0], [569.0, 275.0]]","[0.7437724277480181, -93.28051061092488, 7.123438732707305, -169.2221065512203]"
774,7,"[[516.0, 279.0], [513.0, 215.0], [575.0, 211.0], [578.0, 274.0]]","[0.7301547376251639, -93.67062290967107, 10.708995283996526, -172.7043492368774]"
775,7,"[[529.0, 260.0], [528.0, 188.0], [593.0, 186.0], [592.0, 257.0]]","[0.6553624023994132, -91.0767800128071, 11.492852966354043, -160.19352852699382]"
776,7,"[[548.0, 284.0], [544.0, 215.0], [610.0, 210.0], [613.0, 278.0]]","[0.6790391733615797, -94.17607068149772, 10.312295307149634, -170.16527335467154]"
777,7,"[[546.0, 258.0], [543.0, 188.0], [611.0, 182.0], [614.0, 252.0]]","[0.6664339878481144, -94.33361075894969, 14.412840559277036, -173.33442386199653]"
778,7,"[[533.0, 262.0], [528.0, 185.0], [599.0, 179.0], [603.0, 255.0]]","[0.6119917213947009, -94.53797766879009, 10.77636610469312, -164.77258206660989]"
779,7,"[[540.0, 266.0], [535.0, 187.0], [608.0, 182.0], [612.0, 258.0]]","[0.6031439851877847, -94.5387656472297, 10.44795323183267, -166.7577175811044]"
780,7,"[[568.0, 284.0], [563.0, 201.0], [640.0, 196.0], [642.0, 278.0]]","[0.5682125544657869, -93.66894913930332, 8.998345662171607, -165.18242157329368]"
781,7,"[[639.0, 319.0], [636.0, 229.0], [719.0, 223.0], [721.0, 311.0]]","[0.5289398524738622, -93.81850695587475, 9.608687251292704, -168.7800785391883]"
782,7,"[[638.0, 325.0], [637.0, 232.0], [722.0, 229.0], [722.0, 319.0]]","[0.5151270253359145, -92.22077879562228, 8.443885503447977, -168.16630486402462]"
783,7,"[[644.0, 334.0], [642.0, 240.0], [728.0, 235.0], [728.0, 327.0]]","[0.5062599753672073, -92.7793236709739, 9.256001717341402, -167.14141981197363]"
784,7,"[[641.0, 327.0], [640.0, 232.0], [725.0, 227.0], [726.0, 320.0]]","[0.5016218340291759, -92.7553164164892, 9.131062692741178, -166.02270638666408]"
785,7,"[[640.0, 316.0], [640.0, 217.0], [726.0, 213.0], [726.0, 309.0]]","[0.48493910483331576, -92.2448608475005, 9.657839503269592, -163.51944557126862]"
786,7,"[[671.0, 314.0], [669.0, 213.0], [759.0, 208.0], [758.0, 306.0]]","[0.4787697595094047, -92.92869425778261, 10.061022905683332, -165.51573558207286]"
787,7,"[[688.0, 297.0], [688.0, 195.0], [779.0, 190.0], [777.0, 290.0]]","[0.4760950891127815, -92.61951265464089, 11.183132890159547, -166.4819322312502]"
788,7,"[[710.0, 290.0], [710.0, 182.0], [805.0, 177.0], [802.0, 282.0]]","[0.45581735281305213, -92.76814454561067, 11.526047672756329, -165.87034075138226]"
789,7,"[[683.0, 302.0], [682.0, 192.0], [778.0, 186.0], [777.0, 292.0]]","[0.4440965993726511, -93.28158418253658, 11.545717799579712, -165.03657178928637]"
790,7,"[[668.0, 333.0], [669.0, 219.0], [767.0, 215.0], [763.0, 325.0]]","[0.4243368373376131, -91.5466095081077, 10.636257615233562, -162.28478350588415]"
791,7,"[[687.0, 335.0], [690.0, 218.0], [789.0, 214.0], [785.0, 326.0]]","[0.4167671547708706, -91.52858582303571, 11.208895616853413, -162.64529718090878]"
792,7,"[[715.0, 335.0], [717.0, 214.0], [819.0, 210.0], [815.0, 326.0]]","[0.40719465509280717, -91.83195385430028, 10.182448119411292, -163.05466310884134]"
793,7,"[[719.0, 331.0], [722.0, 210.0], [825.0, 206.0], [820.0, 323.0]]","[0.4064710295745264, -91.55834245734918, 10.628264616560035, -163.6864231104996]"
794,7,"[[738.0, 332.0], [740.0, 206.0], [848.0, 201.0], [843.0, 323.0]]","[0.39300820816682525, -92.07089764638624, 10.502351414520838, -164.52922734954637]"
795,7,"[[738.0, 332.0], [741.0, 205.0], [848.0, 201.0], [843.0, 323.0]]","[0.39151782993107154, -91.79187888589585, 10.324201770734481, -163.7806715559805]"
796,7,"[[755.0, 338.0], [758.0, 207.0], [871.0, 202.0], [865.0, 328.0]]","[0.3810983089528751, -92.08977971746205, 10.90625687861269, -165.63691985285556]"
797,7,"[[787.0, 323.0], [793.0, 182.0], [915.0, 178.0], [905.0, 314.0]]","[0.3605284522386301, -91.5776575570147, 11.681389460543006, -166.43944569609246]"
835,8,"[[540.0, 23.0], [638.0, 18.0], [628.0, 128.0], [528.0, 127.0]]","[0.4547066306009455, 7.745010228521445, 28.24846590264465, -175.94531032280858]"
836,8,"[[491.0, 19.0], [591.0, 13.0], [582.0, 123.0], [483.0, 124.0]]","[0.45062707654147, 6.0602084602219, 25.500834887904215, -176.58266150470348]"
837,8,"[[400.0, 22.0], [495.0, 18.0], [490.0, 125.0], [396.0, 126.0]]","[0.4647337672874251, 5.451215525411477, 22.303484160726235, -173.09337557579613]"
838,8,"[[294.0, 43.0], [387.0, 43.0], [382.0, 150.0], [289.0, 146.0]]","[0.46733916539575554, 6.385024146590688, 18.59255658465813, -172.358607508658]"
839,8,"[[269.0, 31.0], [363.0, 31.0], [359.0, 138.0], [266.0, 135.0]]","[0.47050811916046253, 5.878204775705157, 17.122759941195373, -171.6199242299745]"
840,8,"[[261.0, 29.0], [355.0, 28.0], [353.0, 135.0], [258.0, 133.0]]","[0.4710146294292416, 4.870205992840146, 15.863529666292282, -172.50248884059732]"
841,8,"[[246.0, 27.0], [343.0, 29.0], [338.0, 139.0], [243.0, 135.0]]","[0.45838098009532907, 6.579812405307387, 16.563918815136372, -170.78392165140093]"
855,1,"[[416.0, 89.0], [430.0, 89.0], [430.0, 103.0], [416.0, 103.0]]","[3.4081935462799566, 0.2715504960095644, 1.6427419735585282, -178.75257436096837]"
936,9,"[[405.0, 19.0], [461.0, 16.0], [468.0, 78.0], [412.0, 81.0]]","[0.8065793033724076, -10.203007683418583, -19.828401730451297, -168.57098756364593]"
937,9,"[[388.0, 53.0], [447.0, 51.0], [453.0, 112.0], [393.0, 115.0]]","[0.7916045787409295, -6.0106216567113755, -11.525575353922184, -174.10496549272176]"
938,9,"[[393.0, 30.0], [455.0, 29.0], [458.0, 92.0], [397.0, 93.0]]","[0.7807303587066008, -3.5397158782980096, -7.286008446067677, -173.90605014162992]"
939,9,"[[404.0, 20.0], [468.0, 19.0], [471.0, 84.0], [408.0, 85.0]]","[0.7573740585676229, -3.3688296711303307, -6.616740879046842, -174.56258775856708]"
940,9,"[[387.0, 52.0], [451.0, 51.0], [456.0, 118.0], [393.0, 121.0]]","[0.7220909774371326, -7.399793776803448, -17.874276235188145, -169.71826153314893]"
941,9,"[[379.0, 65.0], [444.0, 64.0], [448.0, 131.0], [384.0, 134.0]]","[0.720225366536015, -6.331991819780077, -15.387900799169405, -168.42724288952832]"
942,9,"[[368.0, 91.0], [435.0, 89.0], [439.0, 156.0], [374.0, 160.0]]","[0.711206255533333, -5.843246604027107, -11.898537805635934, -168.75346527998454]"
943,9,"[[377.0, 97.0], [446.0, 94.0], [451.0, 163.0], [384.0, 167.0]]","[0.6892196399988407, -5.757874654710426, -10.423417865849402, -172.95392386339935]"
944,9,"[[396.0, 60.0], [468.0, 58.0], [474.0, 131.0], [404.0, 135.0]]","[0.6529320930254614, -6.661999620035037, -14.012192118461353, -173.7328380461111]"
945,9,"[[410.0, 82.0], [484.0, 79.0], [488.0, 158.0], [414.0, 162.0]]","[0.6112026666607232, -7.1162714730629455, -16.446681391762915, -164.8934690685097]"
946,9,"[[402.0, 125.0], [478.0, 125.0], [481.0, 205.0], [405.0, 206.0]]","[0.5906384575253236, -4.174566293944408, -17.497295065546606, -172.49036772889437]"
947,9,"[[416.0, 178.0], [496.0, 177.0], [497.0, 259.0], [420.0, 261.0]]","[0.5672693445871795, -3.743532518382218, -16.238505036381245, -172.12351018561264]"
948,9,"[[434.0, 170.0], [516.0, 168.0], [519.0, 251.0], [438.0, 255.0]]","[0.5571018485551148, -3.938055879292918, -11.011254783529598, -172.186496471797]"
949,9,"[[419.0, 157.0], [504.0, 154.0], [507.0, 240.0], [424.0, 245.0]]","[0.5399203835882812, -4.963790465653226, -12.235751016653452, -168.87908583379124]"
950,9,"[[370.0, 92.0], [463.0, 88.0], [470.0, 183.0], [378.0, 191.0]]","[0.49550964446481915, -7.453147359281148, -15.206053897592154, -166.98600725318633]"
951,9,"[[332.0, 100.0], [429.0, 96.0], [436.0, 193.0], [341.0, 202.0]]","[0.48183467748534553, -7.748471800017642, -16.168380765717632, -165.17557874782352]"
952,9,"[[240.0, 68.0], [347.0, 64.0], [359.0, 168.0], [254.0, 179.0]]","[0.4552309909529417, -8.671116689024336, -17.169296659070408, -168.87971601085903]"
953,9,"[[147.0, 61.0], [266.0, 55.0], [281.0, 172.0], [167.0, 187.0]]","[0.41299590982614215, -14.332112376216918, -29.49658119184479, -159.17231319649466]"
954,9,"[[45.0, 124.0], [178.0, 115.0], [195.0, 235.0], [67.0, 255.0]]","[0.3954888413464717, -14.069274464571514, -30.484882057417362, -156.0821263172837]"
974,8,"[[406.0, 105.0], [427.0, 103.0], [428.0, 122.0], [409.0, 125.0]]","[2.3453505251864044, -8.974078419127329, -6.0334860637542524, -145.1674205068868]"
976,8,"[[354.0, 160.0], [374.0, 157.0], [376.0, 176.0], [356.0, 179.0]]","[2.315355939994896, -7.684486194232255, 4.629749154720703, 169.04051159667094]"
978,8,"[[298.0, 201.0], [319.0, 200.0], [322.0, 218.0], [302.0, 222.0]]","[2.303574273029625, -9.394164472416648, -14.145054033833043, 173.08426584454608]"
980,8,"[[222.0, 292.0], [244.0, 288.0], [246.0, 308.0], [225.0, 312.0]]","[2.1926675956175865, -13.182887780312491, -24.32059343907368, -151.46057543103353]"
981,8,"[[176.0, 336.0], [199.0, 333.0], [201.0, 353.0], [180.0, 357.0]]","[2.2406730633766823, -10.41492722136719, -22.42861550035395, -161.5778611710658]"
982,8,"[[163.0, 378.0], [187.0, 374.0], [189.0, 394.0], [167.0, 398.0]]","[2.170714865257309, -10.238225983089164, -20.598672748524343, -154.50511653093673]"
983,8,"[[137.0, 387.0], [162.0, 384.0], [165.0, 403.0], [142.0, 408.0]]","[2.1215661531804835, -9.643456774066063, -15.727753660316264, -152.3283174477004]"
984,8,"[[134.0, 375.0], [157.0, 371.0], [162.0, 392.0], [138.0, 396.0]]","[2.1612619137921723, -10.270621567651991, -24.365179957278407, 163.7034061663908]"
985,8,"[[136.0, 355.0], [159.0, 352.0], [164.0, 372.0], [142.0, 378.0]]","[2.171356976961546, -13.3088793170776, -33.74204583154491, 176.46322779408104]"
986,8,"[[131.0, 337.0], [155.0, 334.0], [159.0, 356.0], [136.0, 360.0]]","[2.1104300029241716, -10.595334599469235, -33.07428264228971, 177.59434741973243]"
987,8,"[[134.0, 369.0], [159.0, 365.0], [164.0, 385.0], [140.0, 391.0]]","[2.0602274222268084, -12.529639795592663, -23.754947955431966, 159.25976392690643]"
988,8,"[[160.0, 394.0], [184.0, 388.0], [190.0, 410.0], [166.0, 415.0]]","[2.055096211219854, -13.081598292596215, -10.445785499777587, -160.86409393861865]"
989,8,"[[190.0, 345.0], [214.0, 340.0], [219.0, 362.0], [195.0, 367.0]]","[2.032416956603489, -12.675072143059426, -15.405001470375918, 166.6979650352696]"
990,8,"[[189.0, 361.0], [213.0, 356.0], [218.0, 379.0], [194.0, 384.0]]","[2.029517012387289, -12.214116276034627, -10.665435790260583, -179.99880760272617]"
991,8,"[[186.0, 402.0], [211.0, 397.0], [215.0, 420.0], [191.0, 425.0]]","[2.004752108238174, -11.438414634285634, -17.964648380897973, -168.83126323551855]"
992,8,"[[162.0, 422.0], [189.0, 415.0], [193.0, 437.0], [168.0, 445.0]]","[1.871333388601024, -16.264900207691923, -24.633168620480802, -152.77801454264676]"
993,8,"[[178.0, 420.0], [205.0, 415.0], [210.0, 436.0], [184.0, 442.0]]","[1.860251218176538, -11.481959437040912, -11.930169818967238, -150.4244393860668]"
994,8,"[[186.0, 431.0], [212.0, 426.0], [217.0, 449.0], [192.0, 455.0]]","[1.98158287779009, -12.354308923028976, -15.011601746963313, -174.11621994109555]"
995,8,"[[200.0, 440.0], [227.0, 433.0], [232.0, 455.0], [207.0, 463.0]]","[1.8474942558471596, -15.679404365908473, -17.451142070363392, -155.53339010466723]"
996,8,"[[203.0, 444.0], [229.0, 437.0], [235.0, 460.0], [209.0, 468.0]]","[1.8462956518544702, -15.506580625148187, -19.184780733254843, -161.31718757525502]"
997,8,"[[235.0, 441.0], [260.0, 435.0], [266.0, 459.0], [240.0, 465.0]]","[1.874866021691161, -12.484621535442944, -14.94762436319397, 162.9978625797183]"
998,8,"[[236.0, 445.0], [262.0, 439.0], [267.0, 463.0], [241.0, 470.0]]","[1.825323261113641, -12.976989658189789, -19.956649171992655, -167.017097972567]"
999,8,"[[241.0, 429.0], [268.0, 422.0], [273.0, 447.0], [248.0, 453.0]]","[1.8206327325011606, -13.557335562165056, -12.206378396971207, -167.65041673841165]"
1000,8,"[[266.0, 425.0], [293.0, 418.0], [298.0, 443.0], [273.0, 448.0]]","[1.801703966900062, -12.638585173355711, -6.910257385804189, -163.45840668309776]"
1001,8,"[[274.0, 402.0], [302.0, 395.0], [307.0, 419.0], [281.0, 425.0]]","[1.7254691550790786, -13.37802120776609, -9.013720917658338, -154.1865959788344]"
1002,8,"[[270.0, 356.0], [297.0, 350.0], [303.0, 375.0], [277.0, 382.0]]","[1.753405870506471, -14.241086919400406, -10.868216159686563, -168.01779099088935]"
1003,8,"[[232.0, 342.0], [263.0, 336.0], [268.0, 361.0], [238.0, 367.0]]","[1.5641736181718302, -11.677427630820054, -11.528171136288156, -145.35617017191788]"
1004,8,"[[205.0, 375.0], [235.0, 368.0], [240.0, 394.0], [213.0, 402.0]]","[1.666601644069645, -15.505289091731408, -19.55935082234592, -160.74286550781795]"
1005,8,"[[206.0, 380.0], [236.0, 373.0], [243.0, 398.0], [215.0, 407.0]]","[1.6380646684271813, -15.879947557239174, -11.772033658221952, -157.70855299493732]"
1006,8,"[[201.0, 355.0], [231.0, 349.0], [238.0, 375.0], [209.0, 383.0]]","[1.6253917359797567, -14.233196064937545, -19.33202018147969, 165.86467198735602]"
1007,8,"[[178.0, 342.0], [210.0, 335.0], [216.0, 362.0], [186.0, 370.0]]","[1.5653321816539603, -14.830997924629745, -16.671259009036103, -153.78662417116152]"
1008,8,"[[166.0, 322.0], [198.0, 316.0], [204.0, 344.0], [174.0, 352.0]]","[1.5774172629991194, -14.677863532232587, -19.804388076822587, -162.22828722261]"
1009,8,"[[170.0, 335.0], [204.0, 328.0], [210.0, 357.0], [178.0, 364.0]]","[1.4863974506074862, -13.039796814208758, -14.836542752452226, -153.2246840250055]"
1010,8,"[[165.0, 341.0], [198.0, 333.0], [206.0, 362.0], [174.0, 371.0]]","[1.4972960678659353, -16.0004666959287, -16.036204745433576, -158.10695357280574]"
1011,8,"[[134.0, 338.0], [170.0, 330.0], [177.0, 360.0], [144.0, 369.0]]","[1.4405088270717092, -15.43096508896976, -17.488451049279924, -154.5471596117969]"
1012,8,"[[126.0, 372.0], [162.0, 363.0], [170.0, 395.0], [136.0, 405.0]]","[1.4181844875585374, -16.74659640838722, -23.68746948492599, -165.41790974054402]"
1013,8,"[[117.0, 349.0], [152.0, 339.0], [161.0, 372.0], [127.0, 381.0]]","[1.4366477447966084, -16.26389857767655, -9.916553339892692, 179.92212515032057]"
1014,8,"[[125.0, 344.0], [161.0, 336.0], [170.0, 369.0], [134.0, 378.0]]","[1.3942449904903906, -14.864978884184794, -20.73535234330308, 177.10631723594454]"
1015,8,"[[144.0, 340.0], [180.0, 332.0], [189.0, 366.0], [153.0, 375.0]]","[1.357933472187427, -15.387754496332672, -26.92191957017009, -175.42097875817583]"
1016,8,"[[149.0, 346.0], [188.0, 337.0], [197.0, 371.0], [159.0, 381.0]]","[1.2796566650586974, -15.076870634199235, -16.287547786988974, -157.34909247898977]"
1017,8,"[[144.0, 334.0], [183.0, 326.0], [192.0, 362.0], [154.0, 371.0]]","[1.2784976067181781, -14.49556557085865, -25.38037128052193, -179.921291307309]"
1018,8,"[[80.0, 365.0], [121.0, 354.0], [132.0, 391.0], [90.0, 403.0]]","[1.2300676923969966, -16.71445037151522, -14.485502797454561, 169.6452669863029]"
1019,8,"[[48.0, 372.0], [92.0, 361.0], [103.0, 399.0], [59.0, 411.0]]","[1.2028479154270975, -16.237204318127514, -20.4206373317643, 168.37207156490467]"
1020,8,"[[32.0, 346.0], [78.0, 335.0], [89.0, 375.0], [45.0, 386.0]]","[1.1899025200041469, -15.84740820095633, -20.336665237355852, -163.51957379468854]"
1021,8,"[[30.0, 328.0], [76.0, 316.0], [89.0, 357.0], [42.0, 368.0]]","[1.1520828730571422, -16.855395317142005, -22.205792554405168, 171.54222841662462]"
1022,8,"[[62.0, 289.0], [110.0, 279.0], [121.0, 321.0], [74.0, 330.0]]","[1.1068811480487035, -13.649120240343075, -16.995772289241614, -154.14228371134928]"
1023,8,"[[67.0, 278.0], [115.0, 268.0], [127.0, 310.0], [80.0, 321.0]]","[1.0970527288625622, -15.36384852611386, -17.998405620105522, -156.76788163368616]"
1024,8,"[[82.0, 244.0], [131.0, 234.0], [143.0, 278.0], [94.0, 289.0]]","[1.0518197915301464, -15.140509110203089, -16.09066460763166, 175.18754554767665]"
1025,8,"[[110.0, 239.0], [160.0, 229.0], [169.0, 275.0], [122.0, 286.0]]","[1.0163237784473664, -18.049382537888057, -29.366824114080917, -155.77955209080022]"
1026,8,"[[76.0, 228.0], [127.0, 217.0], [140.0, 265.0], [89.0, 276.0]]","[1.00532100517863, -14.477827221309147, -10.65945348716994, -177.16615176549234]"
1027,8,"[[85.0, 199.0], [137.0, 189.0], [151.0, 237.0], [99.0, 248.0]]","[0.9917472612462815, -15.93728394985625, -19.23329212214611, -177.3972094033694]"
1028,8,"[[101.0, 178.0], [154.0, 168.0], [167.0, 219.0], [116.0, 229.0]]","[0.9612590501260708, -11.992024132699779, -4.262815125476134, -165.83247790635684]"
1029,8,"[[116.0, 161.0], [169.0, 152.0], [183.0, 202.0], [130.0, 213.0]]","[0.9558779118286269, -15.880248178170675, -20.09425927635654, -172.1947171964004]"
1030,8,"[[176.0, 108.0], [233.0, 104.0], [242.0, 157.0], [187.0, 163.0]]","[0.919020494593565, -10.1894749965979, -15.579666177814088, -165.18527813784956]"
1031,8,"[[217.0, 107.0], [274.0, 99.0], [285.0, 155.0], [228.0, 162.0]]","[0.8611161795950933, -10.972917394704616, -11.775759738586428, -178.21437801759993]"
1032,8,"[[216.0, 94.0], [274.0, 86.0], [284.0, 145.0], [227.0, 153.0]]","[0.8372508305310083, -7.680560427947517, 1.4051630624439586, -169.18949180484063]"
1033,8,"[[196.0, 106.0], [255.0, 99.0], [264.0, 159.0], [205.0, 166.0]]","[0.8207994299768696, -6.683260396317897, 1.0056986764498679, -172.83746818157624]"
1034,8,"[[168.0, 84.0], [231.0, 74.0], [244.0, 137.0], [182.0, 146.0]]","[0.7983711027474324, -10.480909106664699, -5.112690509648457, -169.012986789013]"
1034,1,"[[462.0, 108.0], [474.0, 106.0], [476.0, 119.0], [464.0, 121.0]]","[3.7039853627724044, -13.553781647240564, -14.781597435355831, -163.69387991185772]"
1035,8,"[[175.0, 32.0], [243.0, 25.0], [254.0, 92.0], [188.0, 100.0]]","[0.757472443709501, -12.467288196720277, -16.44864218711536, -150.88770018717128]"
1035,1,"[[488.0, 93.0], [501.0, 92.0], [503.0, 105.0], [490.0, 107.0]]","[3.5384103252779875, -9.403998300851786, -9.566510496034779, -175.01229101356182]"
1036,8,"[[178.0, 24.0], [247.0, 16.0], [260.0, 84.0], [193.0, 93.0]]","[0.7479348490351906, -11.613941416259612, -11.620087694710985, -151.39349455150966]"
1037,8,"[[204.0, 39.0], [273.0, 32.0], [282.0, 103.0], [213.0, 110.0]]","[0.7091803203437145, -5.378350031061683, 2.0830675541084522, -173.2748852891303]"
1037,1,"[[536.0, 132.0], [547.0, 132.0], [547.0, 144.0], [536.0, 146.0]]","[3.6793814886423277, -11.20688900181164, -24.279646478133213, -157.67177988207192]"
1038,8,"[[188.0, 27.0], [260.0, 19.0], [271.0, 90.0], [199.0, 99.0]]","[0.6953969126104455, -8.08430739185983, -3.086369707784382, -177.47567930457137]"
1039,8,"[[145.0, 13.0], [222.0, 5.0], [232.0, 84.0], [156.0, 91.0]]","[0.6565160008299543, -5.473454527447914, 1.4367512529009758, -173.66656889528943]"
1043,1,"[[469.0, 143.0], [482.0, 142.0], [483.0, 156.0], [470.0, 157.0]]","[3.414027894165179, -8.299022500719536, -16.493738995638967, -166.25103846359045]"
1055,1,"[[717.0, 71.0], [736.0, 70.0], [737.0, 88.0], [717.0, 90.0]]","[2.619710959417376, -1.1020393491434377, 12.44491781970065, 176.48921550584518]"
1056,10,"[[15.0, 125.0], [31.0, 126.0], [34.0, 151.0], [19.0, 151.0]]","[2.098615299834296, -52.91090983802537, -74.92678024308621, -128.15062386408738]"
1056,1,"[[767.0, 67.0], [787.0, 65.0], [787.0, 84.0], [767.0, 86.0]]","[2.644899572093698, 0.13798655946029384, 21.321737865719594, -179.97704981727702]"
1057,10,"[[18.0, 120.0], [34.0, 122.0], [37.0, 146.0], [21.0, 144.0]]","[2.222334028717533, 12.044121695938719, 26.62078317689364, -158.58737328967433]"
1058,10,"[[35.0, 125.0], [51.0, 126.0], [55.0, 150.0], [39.0, 149.0]]","[2.2011338424055173, 9.48481394883063, 27.596531265039754, -158.4095715458651]"
1058,1,"[[801.0, 38.0], [821.0, 35.0], [822.0, 55.0], [802.0, 58.0]]","[2.668872753926563, -5.9207688682231785, 9.238651888426675, -167.4522374704528]"
1060,10,"[[116.0, 105.0], [131.0, 106.0], [135.0, 131.0], [120.0, 130.0]]","[2.0639194901490003, 12.589780043394068, 34.02206047796168, -155.11821716174177]"
1061,10,"[[134.0, 114.0], [151.0, 116.0], [155.0, 140.0], [139.0, 139.0]]","[2.059758612546878, -24.46303492233615, -66.68958383507653, -162.2598737977904]"
1062,10,"[[157.0, 131.0], [173.0, 131.0], [178.0, 156.0], [162.0, 156.0]]","[1.9976098945575869, 8.720681009424952, 34.11300686248554, -155.6517168500913]"
1063,10,"[[162.0, 106.0], [179.0, 107.0], [183.0, 132.0], [166.0, 131.0]]","[2.0215056234852105, 11.230253654443105, 30.58562346344498, -154.1595782379702]"
1065,10,"[[47.0, 80.0], [66.0, 82.0], [70.0, 110.0], [52.0, 108.0]]","[1.9152616674355223, 12.76403774002236, 27.310459663394298, -154.76104854758296]"
1066,10,"[[49.0, 32.0], [69.0, 34.0], [74.0, 63.0], [55.0, 62.0]]","[1.8740501378640284, -42.25656758069745, -67.40610032826864, -139.9179082812701]"
